"ID","Molécula","Categoría","Fuente","Nombre común","Nombre de referencia","SMILES de referencia","Nombre Hydrocarbon Lab","Fórmula esperada","Fórmula Hydrocarbon Lab","Round-trip SMILES","Resultado","Tipo de error","Observaciones"
"HC-001","metano","alcanos lineales","https://pubchem.ncbi.nlm.nih.gov/rest/pug/compound/smiles/C/property/IUPACName,MolecularFormula,CanonicalSMILES,IsomericSMILES/JSON","Marsh gas","methane","C","metano","CH4","C₁H₄","C","PASS","","{""invariants"":{""A_formula"":true,""B_heavyAtoms"":true,""C_carbons"":true,""D_bonds"":true,""E_rings"":true,""F_formalCharges"":true,""G_tetrahedralStereo"":true,""H_graphIsomorphism"":true},""canonicalGraphIDCodeInput"":""fH@@"",""canonicalGraphIDCodeRoundTrip"":""fH@@"",""before"":{""atoms"":1,""carbons"":1,""bonds"":0,""rings"":0,""formula"":""C₁H₄"",""formulaAscii"":""CH4""},""after"":{""atoms"":1,""carbons"":1,""bonds"":0,""rings"":0,""formula"":""C₁H₄"",""formulaAscii"":""CH4""},""layoutAtoms"":1,""pubchemSynonymMatch"":""metano"",""nameReview"":""Nombre publicado por PubChem como sinónimo alternativo: metano; su carácter IUPAC o común requiere interpretación nomenclatural."",""stereoKind"":""""}"
"HC-002","etano","alcanos lineales","https://pubchem.ncbi.nlm.nih.gov/rest/pug/compound/smiles/CC/property/IUPACName,MolecularFormula,CanonicalSMILES,IsomericSMILES/JSON","","ethane","CC","etano","C2H6","C₂H₆","CC","PARTIAL","","{""invariants"":{""A_formula"":true,""B_heavyAtoms"":true,""C_carbons"":true,""D_bonds"":true,""E_rings"":true,""F_formalCharges"":true,""G_tetrahedralStereo"":true,""H_graphIsomorphism"":true},""canonicalGraphIDCodeInput"":""eF@Hp@"",""canonicalGraphIDCodeRoundTrip"":""eF@Hp@"",""before"":{""atoms"":2,""carbons"":2,""bonds"":1,""rings"":0,""formula"":""C₂H₆"",""formulaAscii"":""C2H6""},""after"":{""atoms"":2,""carbons"":2,""bonds"":1,""rings"":0,""formula"":""C₂H₆"",""formulaAscii"":""C2H6""},""layoutAtoms"":2,""pubchemSynonymMatch"":null,""nameReview"":""PARTIAL: equivalencia IUPAC pendiente de revisión; salida etano, referencia ethane"",""stereoKind"":""""}"
"HC-003","propano","alcanos lineales","https://pubchem.ncbi.nlm.nih.gov/rest/pug/compound/smiles/CCC/property/IUPACName,MolecularFormula,CanonicalSMILES,IsomericSMILES/JSON","","propane","CCC","propano","C3H8","C₃H₈","CCC","PARTIAL","","{""invariants"":{""A_formula"":true,""B_heavyAtoms"":true,""C_carbons"":true,""D_bonds"":true,""E_rings"":true,""F_formalCharges"":true,""G_tetrahedralStereo"":true,""H_graphIsomorphism"":true},""canonicalGraphIDCodeInput"":""eM@Hz@"",""canonicalGraphIDCodeRoundTrip"":""eM@Hz@"",""before"":{""atoms"":3,""carbons"":3,""bonds"":2,""rings"":0,""formula"":""C₃H₈"",""formulaAscii"":""C3H8""},""after"":{""atoms"":3,""carbons"":3,""bonds"":2,""rings"":0,""formula"":""C₃H₈"",""formulaAscii"":""C3H8""},""layoutAtoms"":3,""pubchemSynonymMatch"":null,""nameReview"":""PARTIAL: equivalencia IUPAC pendiente de revisión; salida propano, referencia propane"",""stereoKind"":""""}"
"HC-004","butano","alcanos lineales","https://pubchem.ncbi.nlm.nih.gov/rest/pug/compound/smiles/CCCC/property/IUPACName,MolecularFormula,CanonicalSMILES,IsomericSMILES/JSON","","butane","CCCC","butano","C4H10","C₄H₁₀","CCCC","PARTIAL","","{""invariants"":{""A_formula"":true,""B_heavyAtoms"":true,""C_carbons"":true,""D_bonds"":true,""E_rings"":true,""F_formalCharges"":true,""G_tetrahedralStereo"":true,""H_graphIsomorphism"":true},""canonicalGraphIDCodeInput"":""gC`@Dij@@"",""canonicalGraphIDCodeRoundTrip"":""gC`@Dij@@"",""before"":{""atoms"":4,""carbons"":4,""bonds"":3,""rings"":0,""formula"":""C₄H₁₀"",""formulaAscii"":""C4H10""},""after"":{""atoms"":4,""carbons"":4,""bonds"":3,""rings"":0,""formula"":""C₄H₁₀"",""formulaAscii"":""C4H10""},""layoutAtoms"":4,""pubchemSynonymMatch"":null,""nameReview"":""PARTIAL: equivalencia IUPAC pendiente de revisión; salida butano, referencia butane"",""stereoKind"":""""}"
"HC-005","pentano","alcanos lineales","https://pubchem.ncbi.nlm.nih.gov/rest/pug/compound/smiles/CCCCC/property/IUPACName,MolecularFormula,CanonicalSMILES,IsomericSMILES/JSON","","pentane","CCCCC","pentano","C5H12","C₅H₁₂","CCCCC","PARTIAL","","{""invariants"":{""A_formula"":true,""B_heavyAtoms"":true,""C_carbons"":true,""D_bonds"":true,""E_rings"":true,""F_formalCharges"":true,""G_tetrahedralStereo"":true,""H_graphIsomorphism"":true},""canonicalGraphIDCodeInput"":""gJP@DiZh@"",""canonicalGraphIDCodeRoundTrip"":""gJP@DiZh@"",""before"":{""atoms"":5,""carbons"":5,""bonds"":4,""rings"":0,""formula"":""C₅H₁₂"",""formulaAscii"":""C5H12""},""after"":{""atoms"":5,""carbons"":5,""bonds"":4,""rings"":0,""formula"":""C₅H₁₂"",""formulaAscii"":""C5H12""},""layoutAtoms"":5,""pubchemSynonymMatch"":null,""nameReview"":""PARTIAL: equivalencia IUPAC pendiente de revisión; salida pentano, referencia pentane"",""stereoKind"":""""}"
"HC-006","hexano","alcanos lineales","https://pubchem.ncbi.nlm.nih.gov/rest/pug/compound/smiles/CCCCCC/property/IUPACName,MolecularFormula,CanonicalSMILES,IsomericSMILES/JSON","","hexane","CCCCCC","hexano","C6H14","C₆H₁₄","CCCCCC","PARTIAL","","{""invariants"":{""A_formula"":true,""B_heavyAtoms"":true,""C_carbons"":true,""D_bonds"":true,""E_rings"":true,""F_formalCharges"":true,""G_tetrahedralStereo"":true,""H_graphIsomorphism"":true},""canonicalGraphIDCodeInput"":""gGP@DiVj`@"",""canonicalGraphIDCodeRoundTrip"":""gGP@DiVj`@"",""before"":{""atoms"":6,""carbons"":6,""bonds"":5,""rings"":0,""formula"":""C₆H₁₄"",""formulaAscii"":""C6H14""},""after"":{""atoms"":6,""carbons"":6,""bonds"":5,""rings"":0,""formula"":""C₆H₁₄"",""formulaAscii"":""C6H14""},""layoutAtoms"":6,""pubchemSynonymMatch"":null,""nameReview"":""PARTIAL: equivalencia IUPAC pendiente de revisión; salida hexano, referencia hexane"",""stereoKind"":""""}"
"HC-007","2-metilpropano","alcanos ramificados","https://pubchem.ncbi.nlm.nih.gov/rest/pug/compound/smiles/CC(C)C/property/IUPACName,MolecularFormula,CanonicalSMILES,IsomericSMILES/JSON","isobutane","2-methylpropane","CC(C)C","2-metilpropano","C4H10","C₄H₁₀","CC(C)C","PARTIAL","","{""invariants"":{""A_formula"":true,""B_heavyAtoms"":true,""C_carbons"":true,""D_bonds"":true,""E_rings"":true,""F_formalCharges"":true,""G_tetrahedralStereo"":true,""H_graphIsomorphism"":true},""canonicalGraphIDCodeInput"":""gC`@H}P@"",""canonicalGraphIDCodeRoundTrip"":""gC`@H}P@"",""before"":{""atoms"":4,""carbons"":4,""bonds"":3,""rings"":0,""formula"":""C₄H₁₀"",""formulaAscii"":""C4H10""},""after"":{""atoms"":4,""carbons"":4,""bonds"":3,""rings"":0,""formula"":""C₄H₁₀"",""formulaAscii"":""C4H10""},""layoutAtoms"":4,""pubchemSynonymMatch"":null,""nameReview"":""PARTIAL: equivalencia IUPAC pendiente de revisión; salida 2-metilpropano, referencia 2-methylpropane"",""stereoKind"":""""}"
"HC-008","2-metilbutano","alcanos ramificados","https://pubchem.ncbi.nlm.nih.gov/rest/pug/compound/smiles/CC(C)CC/property/IUPACName,MolecularFormula,CanonicalSMILES,IsomericSMILES/JSON","","2-methylbutane","CCC(C)C","2-metilbutano","C5H12","C₅H₁₂","CCC(C)C","PARTIAL","","{""invariants"":{""A_formula"":true,""B_heavyAtoms"":true,""C_carbons"":true,""D_bonds"":true,""E_rings"":true,""F_formalCharges"":true,""G_tetrahedralStereo"":true,""H_graphIsomorphism"":true},""canonicalGraphIDCodeInput"":""gJP@DjZh@"",""canonicalGraphIDCodeRoundTrip"":""gJP@DjZh@"",""before"":{""atoms"":5,""carbons"":5,""bonds"":4,""rings"":0,""formula"":""C₅H₁₂"",""formulaAscii"":""C5H12""},""after"":{""atoms"":5,""carbons"":5,""bonds"":4,""rings"":0,""formula"":""C₅H₁₂"",""formulaAscii"":""C5H12""},""layoutAtoms"":5,""pubchemSynonymMatch"":null,""nameReview"":""PARTIAL: equivalencia IUPAC pendiente de revisión; salida 2-metilbutano, referencia 2-methylbutane"",""stereoKind"":""""}"
"HC-009","2-metilpentano","alcanos ramificados","https://pubchem.ncbi.nlm.nih.gov/rest/pug/compound/smiles/CC(C)CCC/property/IUPACName,MolecularFormula,CanonicalSMILES,IsomericSMILES/JSON","","2-methylpentane","CCCC(C)C","2-metilpentano","C6H14","C₆H₁₄","CCCC(C)C","PARTIAL","","{""invariants"":{""A_formula"":true,""B_heavyAtoms"":true,""C_carbons"":true,""D_bonds"":true,""E_rings"":true,""F_formalCharges"":true,""G_tetrahedralStereo"":true,""H_graphIsomorphism"":true},""canonicalGraphIDCodeInput"":""gGP@LdbMU@@"",""canonicalGraphIDCodeRoundTrip"":""gGP@LdbMU@@"",""before"":{""atoms"":6,""carbons"":6,""bonds"":5,""rings"":0,""formula"":""C₆H₁₄"",""formulaAscii"":""C6H14""},""after"":{""atoms"":6,""carbons"":6,""bonds"":5,""rings"":0,""formula"":""C₆H₁₄"",""formulaAscii"":""C6H14""},""layoutAtoms"":6,""pubchemSynonymMatch"":null,""nameReview"":""PARTIAL: equivalencia IUPAC pendiente de revisión; salida 2-metilpentano, referencia 2-methylpentane"",""stereoKind"":""""}"
"HC-010","3-metilpentano","alcanos ramificados","https://pubchem.ncbi.nlm.nih.gov/rest/pug/compound/smiles/CCC(C)CC/property/IUPACName,MolecularFormula,CanonicalSMILES,IsomericSMILES/JSON","","3-methylpentane","CCC(C)CC","3-metilpentano","C6H14","C₆H₁₄","CCC(C)CC","PARTIAL","","{""invariants"":{""A_formula"":true,""B_heavyAtoms"":true,""C_carbons"":true,""D_bonds"":true,""E_rings"":true,""F_formalCharges"":true,""G_tetrahedralStereo"":true,""H_graphIsomorphism"":true},""canonicalGraphIDCodeInput"":""gGP@DjVj`@"",""canonicalGraphIDCodeRoundTrip"":""gGP@DjVj`@"",""before"":{""atoms"":6,""carbons"":6,""bonds"":5,""rings"":0,""formula"":""C₆H₁₄"",""formulaAscii"":""C6H14""},""after"":{""atoms"":6,""carbons"":6,""bonds"":5,""rings"":0,""formula"":""C₆H₁₄"",""formulaAscii"":""C6H14""},""layoutAtoms"":6,""pubchemSynonymMatch"":null,""nameReview"":""PARTIAL: equivalencia IUPAC pendiente de revisión; salida 3-metilpentano, referencia 3-methylpentane"",""stereoKind"":""""}"
"HC-011","2,2-dimetilbutano","alcanos ramificados","https://pubchem.ncbi.nlm.nih.gov/rest/pug/compound/smiles/CC(C)(C)CC/property/IUPACName,MolecularFormula,CanonicalSMILES,IsomericSMILES/JSON","","2,2-dimethylbutane","CCC(C)(C)C","2,2-dimetilbutano","C6H14","C₆H₁₄","CCC(C)(C)C","PARTIAL","","{""invariants"":{""A_formula"":true,""B_heavyAtoms"":true,""C_carbons"":true,""D_bonds"":true,""E_rings"":true,""F_formalCharges"":true,""G_tetrahedralStereo"":true,""H_graphIsomorphism"":true},""canonicalGraphIDCodeInput"":""gGP@Djfj`@"",""canonicalGraphIDCodeRoundTrip"":""gGP@Djfj`@"",""before"":{""atoms"":6,""carbons"":6,""bonds"":5,""rings"":0,""formula"":""C₆H₁₄"",""formulaAscii"":""C6H14""},""after"":{""atoms"":6,""carbons"":6,""bonds"":5,""rings"":0,""formula"":""C₆H₁₄"",""formulaAscii"":""C6H14""},""layoutAtoms"":6,""pubchemSynonymMatch"":null,""nameReview"":""PARTIAL: equivalencia IUPAC pendiente de revisión; salida 2,2-dimetilbutano, referencia 2,2-dimethylbutane"",""stereoKind"":""""}"
"HC-012","2,3-dimetilbutano","alcanos ramificados","https://pubchem.ncbi.nlm.nih.gov/rest/pug/compound/smiles/CC(C)C(C)C/property/IUPACName,MolecularFormula,CanonicalSMILES,IsomericSMILES/JSON","","2,3-dimethylbutane","CC(C)C(C)C","2,3-dimetilbutano","C6H14","C₆H₁₄","CC(C)C(C)C","PARTIAL","","{""invariants"":{""A_formula"":true,""B_heavyAtoms"":true,""C_carbons"":true,""D_bonds"":true,""E_rings"":true,""F_formalCharges"":true,""G_tetrahedralStereo"":true,""H_graphIsomorphism"":true},""canonicalGraphIDCodeInput"":""gGP@DjZj`@"",""canonicalGraphIDCodeRoundTrip"":""gGP@DjZj`@"",""before"":{""atoms"":6,""carbons"":6,""bonds"":5,""rings"":0,""formula"":""C₆H₁₄"",""formulaAscii"":""C6H14""},""after"":{""atoms"":6,""carbons"":6,""bonds"":5,""rings"":0,""formula"":""C₆H₁₄"",""formulaAscii"":""C6H14""},""layoutAtoms"":6,""pubchemSynonymMatch"":null,""nameReview"":""PARTIAL: equivalencia IUPAC pendiente de revisión; salida 2,3-dimetilbutano, referencia 2,3-dimethylbutane"",""stereoKind"":""""}"
"HC-013","2,2,3-trimetilbutano","alcanos ramificados","https://pubchem.ncbi.nlm.nih.gov/rest/pug/compound/smiles/CC(C)(C)C(C)C/property/IUPACName,MolecularFormula,CanonicalSMILES,IsomericSMILES/JSON","","2,2,3-trimethylbutane","CC(C)C(C)(C)C","2,2,3-trimetilbutano","C7H16","C₇H₁₆","CC(C)C(C)(C)C","PARTIAL","","{""invariants"":{""A_formula"":true,""B_heavyAtoms"":true,""C_carbons"":true,""D_bonds"":true,""E_rings"":true,""F_formalCharges"":true,""G_tetrahedralStereo"":true,""H_graphIsomorphism"":true},""canonicalGraphIDCodeInput"":""gNp@Djfjj@@"",""canonicalGraphIDCodeRoundTrip"":""gNp@Djfjj@@"",""before"":{""atoms"":7,""carbons"":7,""bonds"":6,""rings"":0,""formula"":""C₇H₁₆"",""formulaAscii"":""C7H16""},""after"":{""atoms"":7,""carbons"":7,""bonds"":6,""rings"":0,""formula"":""C₇H₁₆"",""formulaAscii"":""C7H16""},""layoutAtoms"":7,""pubchemSynonymMatch"":null,""nameReview"":""PARTIAL: equivalencia IUPAC pendiente de revisión; salida 2,2,3-trimetilbutano, referencia 2,2,3-trimethylbutane"",""stereoKind"":""""}"
"HC-014","3-etil-2-metilpentano","alcanos ramificados","https://pubchem.ncbi.nlm.nih.gov/rest/pug/compound/smiles/CC(C)C(CC)CC/property/IUPACName,MolecularFormula,CanonicalSMILES,IsomericSMILES/JSON","","3-ethyl-2-methylpentane","CCC(CC)C(C)C","3-etil-2-metilpentano","C8H18","C₈H₁₈","CCC(CC)C(C)C","PARTIAL","","{""invariants"":{""A_formula"":true,""B_heavyAtoms"":true,""C_carbons"":true,""D_bonds"":true,""E_rings"":true,""F_formalCharges"":true,""G_tetrahedralStereo"":true,""H_graphIsomorphism"":true},""canonicalGraphIDCodeInput"":""dax@@DjYZjh@@"",""canonicalGraphIDCodeRoundTrip"":""dax@@DjYZjh@@"",""before"":{""atoms"":8,""carbons"":8,""bonds"":7,""rings"":0,""formula"":""C₈H₁₈"",""formulaAscii"":""C8H18""},""after"":{""atoms"":8,""carbons"":8,""bonds"":7,""rings"":0,""formula"":""C₈H₁₈"",""formulaAscii"":""C8H18""},""layoutAtoms"":8,""pubchemSynonymMatch"":null,""nameReview"":""PARTIAL: equivalencia IUPAC pendiente de revisión; salida 3-etil-2-metilpentano, referencia 3-ethyl-2-methylpentane"",""stereoKind"":""""}"
"HC-015","eteno","alquenos","https://pubchem.ncbi.nlm.nih.gov/rest/pug/compound/smiles/C%3DC/property/IUPACName,MolecularFormula,CanonicalSMILES,IsomericSMILES/JSON","ETHYLENE","ethene","C=C","eteno","C2H4","C₂H₄","C=C","PARTIAL","","{""invariants"":{""A_formula"":true,""B_heavyAtoms"":true,""C_carbons"":true,""D_bonds"":true,""E_rings"":true,""F_formalCharges"":true,""G_tetrahedralStereo"":true,""H_graphIsomorphism"":true},""canonicalGraphIDCodeInput"":""eF@Hh@"",""canonicalGraphIDCodeRoundTrip"":""eF@Hh@"",""before"":{""atoms"":2,""carbons"":2,""bonds"":1,""rings"":0,""formula"":""C₂H₄"",""formulaAscii"":""C2H4""},""after"":{""atoms"":2,""carbons"":2,""bonds"":1,""rings"":0,""formula"":""C₂H₄"",""formulaAscii"":""C2H4""},""layoutAtoms"":2,""pubchemSynonymMatch"":null,""nameReview"":""PARTIAL: equivalencia IUPAC pendiente de revisión; salida eteno, referencia ethene"",""stereoKind"":""""}"
"HC-016","propeno","alquenos","https://pubchem.ncbi.nlm.nih.gov/rest/pug/compound/smiles/C%3DCC/property/IUPACName,MolecularFormula,CanonicalSMILES,IsomericSMILES/JSON","Propylene","prop-1-ene","CC=C","prop-1-eno","C3H6","C₃H₆","CC=C","PARTIAL","","{""invariants"":{""A_formula"":true,""B_heavyAtoms"":true,""C_carbons"":true,""D_bonds"":true,""E_rings"":true,""F_formalCharges"":true,""G_tetrahedralStereo"":true,""H_graphIsomorphism"":true},""canonicalGraphIDCodeInput"":""eM@Hv@"",""canonicalGraphIDCodeRoundTrip"":""eM@Hv@"",""before"":{""atoms"":3,""carbons"":3,""bonds"":2,""rings"":0,""formula"":""C₃H₆"",""formulaAscii"":""C3H6""},""after"":{""atoms"":3,""carbons"":3,""bonds"":2,""rings"":0,""formula"":""C₃H₆"",""formulaAscii"":""C3H6""},""layoutAtoms"":3,""pubchemSynonymMatch"":null,""nameReview"":""PARTIAL: equivalencia IUPAC pendiente de revisión; salida prop-1-eno, referencia prop-1-ene"",""stereoKind"":""""}"
"HC-017","but-1-eno","alquenos","https://pubchem.ncbi.nlm.nih.gov/rest/pug/compound/smiles/C%3DCCC/property/IUPACName,MolecularFormula,CanonicalSMILES,IsomericSMILES/JSON","","but-1-ene","CCC=C","but-1-eno","C4H8","C₄H₈","CCC=C","PARTIAL","","{""invariants"":{""A_formula"":true,""B_heavyAtoms"":true,""C_carbons"":true,""D_bonds"":true,""E_rings"":true,""F_formalCharges"":true,""G_tetrahedralStereo"":true,""H_graphIsomorphism"":true},""canonicalGraphIDCodeInput"":""gC`@DkZ@@"",""canonicalGraphIDCodeRoundTrip"":""gC`@DkZ@@"",""before"":{""atoms"":4,""carbons"":4,""bonds"":3,""rings"":0,""formula"":""C₄H₈"",""formulaAscii"":""C4H8""},""after"":{""atoms"":4,""carbons"":4,""bonds"":3,""rings"":0,""formula"":""C₄H₈"",""formulaAscii"":""C4H8""},""layoutAtoms"":4,""pubchemSynonymMatch"":null,""nameReview"":""PARTIAL: equivalencia IUPAC pendiente de revisión; salida but-1-eno, referencia but-1-ene"",""stereoKind"":""""}"
"HC-018","but-2-eno","alquenos","https://pubchem.ncbi.nlm.nih.gov/rest/pug/compound/smiles/CC%3DCC/property/IUPACName,MolecularFormula,CanonicalSMILES,IsomericSMILES/JSON","","but-2-ene","CC=CC","but-2-eno","C4H8","C₄H₈","CC=CC","PARTIAL","","{""invariants"":{""A_formula"":true,""B_heavyAtoms"":true,""C_carbons"":true,""D_bonds"":true,""E_rings"":true,""F_formalCharges"":true,""G_tetrahedralStereo"":true,""H_graphIsomorphism"":true},""canonicalGraphIDCodeInput"":""gC`@DiZ@@"",""canonicalGraphIDCodeRoundTrip"":""gC`@DiZ@@"",""before"":{""atoms"":4,""carbons"":4,""bonds"":3,""rings"":0,""formula"":""C₄H₈"",""formulaAscii"":""C4H8""},""after"":{""atoms"":4,""carbons"":4,""bonds"":3,""rings"":0,""formula"":""C₄H₈"",""formulaAscii"":""C4H8""},""layoutAtoms"":4,""pubchemSynonymMatch"":null,""nameReview"":""PARTIAL: equivalencia IUPAC pendiente de revisión; salida but-2-eno, referencia but-2-ene"",""stereoKind"":""""}"
"HC-019","2-metilprop-1-eno","alquenos","https://pubchem.ncbi.nlm.nih.gov/rest/pug/compound/smiles/C%3DC(C)C/property/IUPACName,MolecularFormula,CanonicalSMILES,IsomericSMILES/JSON","","2-methylprop-1-ene","CC(=C)C","2-metilprop-1-eno","C4H8","C₄H₈","CC(C)=C","PARTIAL","","{""invariants"":{""A_formula"":true,""B_heavyAtoms"":true,""C_carbons"":true,""D_bonds"":true,""E_rings"":true,""F_formalCharges"":true,""G_tetrahedralStereo"":true,""H_graphIsomorphism"":true},""canonicalGraphIDCodeInput"":""gC`@H{P@"",""canonicalGraphIDCodeRoundTrip"":""gC`@H{P@"",""before"":{""atoms"":4,""carbons"":4,""bonds"":3,""rings"":0,""formula"":""C₄H₈"",""formulaAscii"":""C4H8""},""after"":{""atoms"":4,""carbons"":4,""bonds"":3,""rings"":0,""formula"":""C₄H₈"",""formulaAscii"":""C4H8""},""layoutAtoms"":4,""pubchemSynonymMatch"":null,""nameReview"":""PARTIAL: equivalencia IUPAC pendiente de revisión; salida 2-metilprop-1-eno, referencia 2-methylprop-1-ene"",""stereoKind"":""""}"
"HC-020","3-metilpent-2-eno","alquenos","https://pubchem.ncbi.nlm.nih.gov/rest/pug/compound/smiles/CC%3DC(C)CC/property/IUPACName,MolecularFormula,CanonicalSMILES,IsomericSMILES/JSON","","3-methylpent-2-ene","CCC(=CC)C","3-metilpent-2-eno","C6H12","C₆H₁₂","CCC(C)=CC","PARTIAL","","{""invariants"":{""A_formula"":true,""B_heavyAtoms"":true,""C_carbons"":true,""D_bonds"":true,""E_rings"":true,""F_formalCharges"":true,""G_tetrahedralStereo"":true,""H_graphIsomorphism"":true},""canonicalGraphIDCodeInput"":""gGP@DjUj`@"",""canonicalGraphIDCodeRoundTrip"":""gGP@DjUj`@"",""before"":{""atoms"":6,""carbons"":6,""bonds"":5,""rings"":0,""formula"":""C₆H₁₂"",""formulaAscii"":""C6H12""},""after"":{""atoms"":6,""carbons"":6,""bonds"":5,""rings"":0,""formula"":""C₆H₁₂"",""formulaAscii"":""C6H12""},""layoutAtoms"":6,""pubchemSynonymMatch"":null,""nameReview"":""PARTIAL: equivalencia IUPAC pendiente de revisión; salida 3-metilpent-2-eno, referencia 3-methylpent-2-ene"",""stereoKind"":""""}"
"HC-021","hexa-1,3-dieno","alquenos","https://pubchem.ncbi.nlm.nih.gov/rest/pug/compound/smiles/C%3DCC%3DCCC/property/IUPACName,MolecularFormula,CanonicalSMILES,IsomericSMILES/JSON","","hexa-1,3-diene","CCC=CC=C","hexa-1,3-dieno","C6H10","C₆H₁₀","CCC=CC=C","PARTIAL","","{""invariants"":{""A_formula"":true,""B_heavyAtoms"":true,""C_carbons"":true,""D_bonds"":true,""E_rings"":true,""F_formalCharges"":true,""G_tetrahedralStereo"":true,""H_graphIsomorphism"":true},""canonicalGraphIDCodeInput"":""gGP@Di^V`@"",""canonicalGraphIDCodeRoundTrip"":""gGP@Di^V`@"",""before"":{""atoms"":6,""carbons"":6,""bonds"":5,""rings"":0,""formula"":""C₆H₁₀"",""formulaAscii"":""C6H10""},""after"":{""atoms"":6,""carbons"":6,""bonds"":5,""rings"":0,""formula"":""C₆H₁₀"",""formulaAscii"":""C6H10""},""layoutAtoms"":6,""pubchemSynonymMatch"":null,""nameReview"":""PARTIAL: equivalencia IUPAC pendiente de revisión; salida hexa-1,3-dieno, referencia hexa-1,3-diene"",""stereoKind"":""""}"
"HC-022","etino","alquinos","https://pubchem.ncbi.nlm.nih.gov/rest/pug/compound/smiles/C%23C/property/IUPACName,MolecularFormula,CanonicalSMILES,IsomericSMILES/JSON","Acetylene","acetylene","C#C","etino","C2H2","C₂H₂","C#C","PARTIAL","","{""invariants"":{""A_formula"":true,""B_heavyAtoms"":true,""C_carbons"":true,""D_bonds"":true,""E_rings"":true,""F_formalCharges"":true,""G_tetrahedralStereo"":true,""H_graphIsomorphism"":true},""canonicalGraphIDCodeInput"":""eF@Hx@"",""canonicalGraphIDCodeRoundTrip"":""eF@Hx@"",""before"":{""atoms"":2,""carbons"":2,""bonds"":1,""rings"":0,""formula"":""C₂H₂"",""formulaAscii"":""C2H2""},""after"":{""atoms"":2,""carbons"":2,""bonds"":1,""rings"":0,""formula"":""C₂H₂"",""formulaAscii"":""C2H2""},""layoutAtoms"":2,""pubchemSynonymMatch"":null,""nameReview"":""PARTIAL: equivalencia IUPAC pendiente de revisión; salida etino, referencia acetylene"",""stereoKind"":""""}"
"HC-023","propino","alquinos","https://pubchem.ncbi.nlm.nih.gov/rest/pug/compound/smiles/C%23CC/property/IUPACName,MolecularFormula,CanonicalSMILES,IsomericSMILES/JSON","","prop-1-yne","CC#C","prop-1-ino","C3H4","C₃H₄","CC#C","PARTIAL","","{""invariants"":{""A_formula"":true,""B_heavyAtoms"":true,""C_carbons"":true,""D_bonds"":true,""E_rings"":true,""F_formalCharges"":true,""G_tetrahedralStereo"":true,""H_graphIsomorphism"":true},""canonicalGraphIDCodeInput"":""eM@H~@"",""canonicalGraphIDCodeRoundTrip"":""eM@H~@"",""before"":{""atoms"":3,""carbons"":3,""bonds"":2,""rings"":0,""formula"":""C₃H₄"",""formulaAscii"":""C3H4""},""after"":{""atoms"":3,""carbons"":3,""bonds"":2,""rings"":0,""formula"":""C₃H₄"",""formulaAscii"":""C3H4""},""layoutAtoms"":3,""pubchemSynonymMatch"":null,""nameReview"":""PARTIAL: equivalencia IUPAC pendiente de revisión; salida prop-1-ino, referencia prop-1-yne"",""stereoKind"":""""}"
"HC-024","but-1-ino","alquinos","https://pubchem.ncbi.nlm.nih.gov/rest/pug/compound/smiles/C%23CCC/property/IUPACName,MolecularFormula,CanonicalSMILES,IsomericSMILES/JSON","","but-1-yne","CCC#C","but-1-ino","C4H6","C₄H₆","CCC#C","PARTIAL","","{""invariants"":{""A_formula"":true,""B_heavyAtoms"":true,""C_carbons"":true,""D_bonds"":true,""E_rings"":true,""F_formalCharges"":true,""G_tetrahedralStereo"":true,""H_graphIsomorphism"":true},""canonicalGraphIDCodeInput"":""gC`@Dkz@@"",""canonicalGraphIDCodeRoundTrip"":""gC`@Dkz@@"",""before"":{""atoms"":4,""carbons"":4,""bonds"":3,""rings"":0,""formula"":""C₄H₆"",""formulaAscii"":""C4H6""},""after"":{""atoms"":4,""carbons"":4,""bonds"":3,""rings"":0,""formula"":""C₄H₆"",""formulaAscii"":""C4H6""},""layoutAtoms"":4,""pubchemSynonymMatch"":null,""nameReview"":""PARTIAL: equivalencia IUPAC pendiente de revisión; salida but-1-ino, referencia but-1-yne"",""stereoKind"":""""}"
"HC-025","but-2-ino","alquinos","https://pubchem.ncbi.nlm.nih.gov/rest/pug/compound/smiles/CC%23CC/property/IUPACName,MolecularFormula,CanonicalSMILES,IsomericSMILES/JSON","","but-2-yne","CC#CC","but-2-ino","C4H6","C₄H₆","CC#CC","PARTIAL","","{""invariants"":{""A_formula"":true,""B_heavyAtoms"":true,""C_carbons"":true,""D_bonds"":true,""E_rings"":true,""F_formalCharges"":true,""G_tetrahedralStereo"":true,""H_graphIsomorphism"":true},""canonicalGraphIDCodeInput"":""gC`@Diz@@"",""canonicalGraphIDCodeRoundTrip"":""gC`@Diz@@"",""before"":{""atoms"":4,""carbons"":4,""bonds"":3,""rings"":0,""formula"":""C₄H₆"",""formulaAscii"":""C4H6""},""after"":{""atoms"":4,""carbons"":4,""bonds"":3,""rings"":0,""formula"":""C₄H₆"",""formulaAscii"":""C4H6""},""layoutAtoms"":4,""pubchemSynonymMatch"":null,""nameReview"":""PARTIAL: equivalencia IUPAC pendiente de revisión; salida but-2-ino, referencia but-2-yne"",""stereoKind"":""""}"
"HC-026","3-metilpent-1-ino","alquinos","https://pubchem.ncbi.nlm.nih.gov/rest/pug/compound/smiles/C%23CC(C)CC/property/IUPACName,MolecularFormula,CanonicalSMILES,IsomericSMILES/JSON","","3-methylpent-1-yne","CCC(C)C#C","3-metilpent-1-ino","C6H10","C₆H₁₀","CCC(C)C#C","PARTIAL","","{""invariants"":{""A_formula"":true,""B_heavyAtoms"":true,""C_carbons"":true,""D_bonds"":true,""E_rings"":true,""F_formalCharges"":true,""G_tetrahedralStereo"":true,""H_graphIsomorphism"":true},""canonicalGraphIDCodeInput"":""gGP@Dkgj`@"",""canonicalGraphIDCodeRoundTrip"":""gGP@Dkgj`@"",""before"":{""atoms"":6,""carbons"":6,""bonds"":5,""rings"":0,""formula"":""C₆H₁₀"",""formulaAscii"":""C6H10""},""after"":{""atoms"":6,""carbons"":6,""bonds"":5,""rings"":0,""formula"":""C₆H₁₀"",""formulaAscii"":""C6H10""},""layoutAtoms"":6,""pubchemSynonymMatch"":null,""nameReview"":""PARTIAL: equivalencia IUPAC pendiente de revisión; salida 3-metilpent-1-ino, referencia 3-methylpent-1-yne"",""stereoKind"":""""}"
"HC-027","hexa-1,3-diino","alquinos","https://pubchem.ncbi.nlm.nih.gov/rest/pug/compound/smiles/C%23CC%23CCC/property/IUPACName,MolecularFormula,CanonicalSMILES,IsomericSMILES/JSON","","hexa-1,3-diyne","CCC#CC#C","hexa-1,3-diino","C6H6","C₆H₆","CCC#CC#C","PARTIAL","","{""invariants"":{""A_formula"":true,""B_heavyAtoms"":true,""C_carbons"":true,""D_bonds"":true,""E_rings"":true,""F_formalCharges"":true,""G_tetrahedralStereo"":true,""H_graphIsomorphism"":true},""canonicalGraphIDCodeInput"":""gGP@Di^~`@"",""canonicalGraphIDCodeRoundTrip"":""gGP@Di^~`@"",""before"":{""atoms"":6,""carbons"":6,""bonds"":5,""rings"":0,""formula"":""C₆H₆"",""formulaAscii"":""C6H6""},""after"":{""atoms"":6,""carbons"":6,""bonds"":5,""rings"":0,""formula"":""C₆H₆"",""formulaAscii"":""C6H6""},""layoutAtoms"":6,""pubchemSynonymMatch"":null,""nameReview"":""PARTIAL: equivalencia IUPAC pendiente de revisión; salida hexa-1,3-diino, referencia hexa-1,3-diyne"",""stereoKind"":""""}"
"HC-028","hex-1-en-3-ino","dienos/polienos","https://pubchem.ncbi.nlm.nih.gov/rest/pug/compound/smiles/C%3DCC%23CCC/property/IUPACName,MolecularFormula,CanonicalSMILES,IsomericSMILES/JSON","","hex-1-en-3-yne","CCC#CC=C","hex-1-en-3-ino","C6H8","C₆H₈","CCC#CC=C","PARTIAL","","{""invariants"":{""A_formula"":true,""B_heavyAtoms"":true,""C_carbons"":true,""D_bonds"":true,""E_rings"":true,""F_formalCharges"":true,""G_tetrahedralStereo"":true,""H_graphIsomorphism"":true},""canonicalGraphIDCodeInput"":""gGP@DiWi`@"",""canonicalGraphIDCodeRoundTrip"":""gGP@DiWi`@"",""before"":{""atoms"":6,""carbons"":6,""bonds"":5,""rings"":0,""formula"":""C₆H₈"",""formulaAscii"":""C6H8""},""after"":{""atoms"":6,""carbons"":6,""bonds"":5,""rings"":0,""formula"":""C₆H₈"",""formulaAscii"":""C6H8""},""layoutAtoms"":6,""pubchemSynonymMatch"":null,""nameReview"":""PARTIAL: equivalencia IUPAC pendiente de revisión; salida hex-1-en-3-ino, referencia hex-1-en-3-yne"",""stereoKind"":""""}"
"HC-029","hept-1-en-5-ino","dienos/polienos","https://pubchem.ncbi.nlm.nih.gov/rest/pug/compound/smiles/C%3DCCCC%23CC/property/IUPACName,MolecularFormula,CanonicalSMILES,IsomericSMILES/JSON","","hept-1-en-5-yne","CC#CCCC=C","hept-1-en-5-ino","C7H10","C₇H₁₀","CC#CCCC=C","PARTIAL","","{""invariants"":{""A_formula"":true,""B_heavyAtoms"":true,""C_carbons"":true,""D_bonds"":true,""E_rings"":true,""F_formalCharges"":true,""G_tetrahedralStereo"":true,""H_graphIsomorphism"":true},""canonicalGraphIDCodeInput"":""gNp@Di]zi@@"",""canonicalGraphIDCodeRoundTrip"":""gNp@Di]zi@@"",""before"":{""atoms"":7,""carbons"":7,""bonds"":6,""rings"":0,""formula"":""C₇H₁₀"",""formulaAscii"":""C7H10""},""after"":{""atoms"":7,""carbons"":7,""bonds"":6,""rings"":0,""formula"":""C₇H₁₀"",""formulaAscii"":""C7H10""},""layoutAtoms"":7,""pubchemSynonymMatch"":null,""nameReview"":""PARTIAL: equivalencia IUPAC pendiente de revisión; salida hept-1-en-5-ino, referencia hept-1-en-5-yne"",""stereoKind"":""""}"
"HC-030","hepta-1,3-dieno","dienos/polienos","https://pubchem.ncbi.nlm.nih.gov/rest/pug/compound/smiles/C%3DCC%3DCCCC/property/IUPACName,MolecularFormula,CanonicalSMILES,IsomericSMILES/JSON","","hepta-1,3-diene","CCCC=CC=C","hepta-1,3-dieno","C7H12","C₇H₁₂","CCCC=CC=C","PARTIAL","","{""invariants"":{""A_formula"":true,""B_heavyAtoms"":true,""C_carbons"":true,""D_bonds"":true,""E_rings"":true,""F_formalCharges"":true,""G_tetrahedralStereo"":true,""H_graphIsomorphism"":true},""canonicalGraphIDCodeInput"":""gNp@Di]ej@@"",""canonicalGraphIDCodeRoundTrip"":""gNp@Di]ej@@"",""before"":{""atoms"":7,""carbons"":7,""bonds"":6,""rings"":0,""formula"":""C₇H₁₂"",""formulaAscii"":""C7H12""},""after"":{""atoms"":7,""carbons"":7,""bonds"":6,""rings"":0,""formula"":""C₇H₁₂"",""formulaAscii"":""C7H12""},""layoutAtoms"":7,""pubchemSynonymMatch"":null,""nameReview"":""PARTIAL: equivalencia IUPAC pendiente de revisión; salida hepta-1,3-dieno, referencia hepta-1,3-diene"",""stereoKind"":""""}"
"HC-031","octa-1,3,5-trieno","dienos/polienos","https://pubchem.ncbi.nlm.nih.gov/rest/pug/compound/smiles/C%3DCC%3DCC%3DCCC/property/IUPACName,MolecularFormula,CanonicalSMILES,IsomericSMILES/JSON","","octa-1,3,5-triene","CCC=CC=CC=C","octa-1,3,5-trieno","C8H12","C₈H₁₂","CCC=CC=CC=C","PARTIAL","","{""invariants"":{""A_formula"":true,""B_heavyAtoms"":true,""C_carbons"":true,""D_bonds"":true,""E_rings"":true,""F_formalCharges"":true,""G_tetrahedralStereo"":true,""H_graphIsomorphism"":true},""canonicalGraphIDCodeInput"":""dax@@DiUveh@@"",""canonicalGraphIDCodeRoundTrip"":""dax@@DiUveh@@"",""before"":{""atoms"":8,""carbons"":8,""bonds"":7,""rings"":0,""formula"":""C₈H₁₂"",""formulaAscii"":""C8H12""},""after"":{""atoms"":8,""carbons"":8,""bonds"":7,""rings"":0,""formula"":""C₈H₁₂"",""formulaAscii"":""C8H12""},""layoutAtoms"":8,""pubchemSynonymMatch"":null,""nameReview"":""PARTIAL: equivalencia IUPAC pendiente de revisión; salida octa-1,3,5-trieno, referencia octa-1,3,5-triene"",""stereoKind"":""""}"
"HC-032","hepta-1,3-diino","dienos/polienos","https://pubchem.ncbi.nlm.nih.gov/rest/pug/compound/smiles/C%23CC%23CCCC/property/IUPACName,MolecularFormula,CanonicalSMILES,IsomericSMILES/JSON","","hepta-1,3-diyne","CCCC#CC#C","hepta-1,3-diino","C7H8","C₇H₈","CCCC#CC#C","PARTIAL","","{""invariants"":{""A_formula"":true,""B_heavyAtoms"":true,""C_carbons"":true,""D_bonds"":true,""E_rings"":true,""F_formalCharges"":true,""G_tetrahedralStereo"":true,""H_graphIsomorphism"":true},""canonicalGraphIDCodeInput"":""gNp@Di]oj@@"",""canonicalGraphIDCodeRoundTrip"":""gNp@Di]oj@@"",""before"":{""atoms"":7,""carbons"":7,""bonds"":6,""rings"":0,""formula"":""C₇H₈"",""formulaAscii"":""C7H8""},""after"":{""atoms"":7,""carbons"":7,""bonds"":6,""rings"":0,""formula"":""C₇H₈"",""formulaAscii"":""C7H8""},""layoutAtoms"":7,""pubchemSynonymMatch"":null,""nameReview"":""PARTIAL: equivalencia IUPAC pendiente de revisión; salida hepta-1,3-diino, referencia hepta-1,3-diyne"",""stereoKind"":""""}"
"HC-033","octa-1,3-diino","dienos/polienos","https://pubchem.ncbi.nlm.nih.gov/rest/pug/compound/smiles/C%23CC%23CCCCC/property/IUPACName,MolecularFormula,CanonicalSMILES,IsomericSMILES/JSON","","octa-1,3-diyne","CCCCC#CC#C","octa-1,3-diino","C8H10","C₈H₁₀","CCCCC#CC#C","PARTIAL","","{""invariants"":{""A_formula"":true,""B_heavyAtoms"":true,""C_carbons"":true,""D_bonds"":true,""E_rings"":true,""F_formalCharges"":true,""G_tetrahedralStereo"":true,""H_graphIsomorphism"":true},""canonicalGraphIDCodeInput"":""dax@@Di][zh@@"",""canonicalGraphIDCodeRoundTrip"":""dax@@Di][zh@@"",""before"":{""atoms"":8,""carbons"":8,""bonds"":7,""rings"":0,""formula"":""C₈H₁₀"",""formulaAscii"":""C8H10""},""after"":{""atoms"":8,""carbons"":8,""bonds"":7,""rings"":0,""formula"":""C₈H₁₀"",""formulaAscii"":""C8H10""},""layoutAtoms"":8,""pubchemSynonymMatch"":null,""nameReview"":""PARTIAL: equivalencia IUPAC pendiente de revisión; salida octa-1,3-diino, referencia octa-1,3-diyne"",""stereoKind"":""""}"
"HC-034","ciclopropano","cicloalcanos","https://pubchem.ncbi.nlm.nih.gov/rest/pug/compound/smiles/C1CC1/property/IUPACName,MolecularFormula,CanonicalSMILES,IsomericSMILES/JSON","","cyclopropane","C1CC1","ciclopropano","C3H6","C₃H₆","C1CC1","PASS","","{""invariants"":{""A_formula"":true,""B_heavyAtoms"":true,""C_carbons"":true,""D_bonds"":true,""E_rings"":true,""F_formalCharges"":true,""G_tetrahedralStereo"":true,""H_graphIsomorphism"":true},""canonicalGraphIDCodeInput"":""eO@Hyj@"",""canonicalGraphIDCodeRoundTrip"":""eO@Hyj@"",""before"":{""atoms"":3,""carbons"":3,""bonds"":3,""rings"":1,""formula"":""C₃H₆"",""formulaAscii"":""C3H6""},""after"":{""atoms"":3,""carbons"":3,""bonds"":3,""rings"":1,""formula"":""C₃H₆"",""formulaAscii"":""C3H6""},""layoutAtoms"":3,""pubchemSynonymMatch"":""ciclopropano"",""nameReview"":""Nombre publicado por PubChem como sinónimo alternativo: ciclopropano; su carácter IUPAC o común requiere interpretación nomenclatural."",""stereoKind"":""""}"
"HC-035","ciclobutano","cicloalcanos","https://pubchem.ncbi.nlm.nih.gov/rest/pug/compound/smiles/C1CCC1/property/IUPACName,MolecularFormula,CanonicalSMILES,IsomericSMILES/JSON","","cyclobutane","C1CCC1","ciclobutano","C4H8","C₄H₈","C1CCC1","PARTIAL","","{""invariants"":{""A_formula"":true,""B_heavyAtoms"":true,""C_carbons"":true,""D_bonds"":true,""E_rings"":true,""F_formalCharges"":true,""G_tetrahedralStereo"":true,""H_graphIsomorphism"":true},""canonicalGraphIDCodeInput"":""gBP@DiVj`@"",""canonicalGraphIDCodeRoundTrip"":""gBP@DiVj`@"",""before"":{""atoms"":4,""carbons"":4,""bonds"":4,""rings"":1,""formula"":""C₄H₈"",""formulaAscii"":""C4H8""},""after"":{""atoms"":4,""carbons"":4,""bonds"":4,""rings"":1,""formula"":""C₄H₈"",""formulaAscii"":""C4H8""},""layoutAtoms"":4,""pubchemSynonymMatch"":null,""nameReview"":""PARTIAL: equivalencia IUPAC pendiente de revisión; salida ciclobutano, referencia cyclobutane"",""stereoKind"":""""}"
"HC-036","ciclopentano","cicloalcanos","https://pubchem.ncbi.nlm.nih.gov/rest/pug/compound/smiles/C1CCCC1/property/IUPACName,MolecularFormula,CanonicalSMILES,IsomericSMILES/JSON","","cyclopentane","C1CCCC1","ciclopentano","C5H10","C₅H₁₀","C1CCCC1","PASS","","{""invariants"":{""A_formula"":true,""B_heavyAtoms"":true,""C_carbons"":true,""D_bonds"":true,""E_rings"":true,""F_formalCharges"":true,""G_tetrahedralStereo"":true,""H_graphIsomorphism"":true},""canonicalGraphIDCodeInput"":""gKP@Di\\Zj@@"",""canonicalGraphIDCodeRoundTrip"":""gKP@Di\\Zj@@"",""before"":{""atoms"":5,""carbons"":5,""bonds"":5,""rings"":1,""formula"":""C₅H₁₀"",""formulaAscii"":""C5H10""},""after"":{""atoms"":5,""carbons"":5,""bonds"":5,""rings"":1,""formula"":""C₅H₁₀"",""formulaAscii"":""C5H10""},""layoutAtoms"":5,""pubchemSynonymMatch"":""ciclopentano"",""nameReview"":""Nombre publicado por PubChem como sinónimo alternativo: ciclopentano; su carácter IUPAC o común requiere interpretación nomenclatural."",""stereoKind"":""""}"
"HC-037","ciclohexano","cicloalcanos","https://pubchem.ncbi.nlm.nih.gov/rest/pug/compound/smiles/C1CCCCC1/property/IUPACName,MolecularFormula,CanonicalSMILES,IsomericSMILES/JSON","","cyclohexane","C1CCCCC1","ciclohexano","C6H12","C₆H₁₂","C1CCCCC1","PASS","","{""invariants"":{""A_formula"":true,""B_heavyAtoms"":true,""C_carbons"":true,""D_bonds"":true,""E_rings"":true,""F_formalCharges"":true,""G_tetrahedralStereo"":true,""H_graphIsomorphism"":true},""canonicalGraphIDCodeInput"":""gFp@DiTvjh@"",""canonicalGraphIDCodeRoundTrip"":""gFp@DiTvjh@"",""before"":{""atoms"":6,""carbons"":6,""bonds"":6,""rings"":1,""formula"":""C₆H₁₂"",""formulaAscii"":""C6H12""},""after"":{""atoms"":6,""carbons"":6,""bonds"":6,""rings"":1,""formula"":""C₆H₁₂"",""formulaAscii"":""C6H12""},""layoutAtoms"":6,""pubchemSynonymMatch"":""Ciclohexano"",""nameReview"":""Nombre publicado por PubChem como sinónimo alternativo: Ciclohexano; su carácter IUPAC o común requiere interpretación nomenclatural."",""stereoKind"":""""}"
"HC-038","metilciclohexano","cicloalcanos","https://pubchem.ncbi.nlm.nih.gov/rest/pug/compound/smiles/CC1CCCCC1/property/IUPACName,MolecularFormula,CanonicalSMILES,IsomericSMILES/JSON","","methylcyclohexane","CC1CCCCC1","metilciclohexano","C7H14","C₇H₁₄","CC1CCCCC1","PARTIAL","","{""invariants"":{""A_formula"":true,""B_heavyAtoms"":true,""C_carbons"":true,""D_bonds"":true,""E_rings"":true,""F_formalCharges"":true,""G_tetrahedralStereo"":true,""H_graphIsomorphism"":true},""canonicalGraphIDCodeInput"":""gOp@DjWkjj`@"",""canonicalGraphIDCodeRoundTrip"":""gOp@DjWkjj`@"",""before"":{""atoms"":7,""carbons"":7,""bonds"":7,""rings"":1,""formula"":""C₇H₁₄"",""formulaAscii"":""C7H14""},""after"":{""atoms"":7,""carbons"":7,""bonds"":7,""rings"":1,""formula"":""C₇H₁₄"",""formulaAscii"":""C7H14""},""layoutAtoms"":7,""pubchemSynonymMatch"":null,""nameReview"":""PARTIAL: equivalencia IUPAC pendiente de revisión; salida metilciclohexano, referencia methylcyclohexane"",""stereoKind"":""""}"
"HC-039","1,2-dimetilciclohexano","cicloalcanos","https://pubchem.ncbi.nlm.nih.gov/rest/pug/compound/smiles/CC1CCCCC1C/property/IUPACName,MolecularFormula,CanonicalSMILES,IsomericSMILES/JSON","","1,2-dimethylcyclohexane","CC1CCCCC1C","1,2-dimetilciclohexano","C8H16","C₈H₁₆","CC1C(C)CCCC1","PARTIAL","","{""invariants"":{""A_formula"":true,""B_heavyAtoms"":true,""C_carbons"":true,""D_bonds"":true,""E_rings"":true,""F_formalCharges"":true,""G_tetrahedralStereo"":true,""H_graphIsomorphism"":true},""canonicalGraphIDCodeInput"":""daD@@DjYvzjj`@"",""canonicalGraphIDCodeRoundTrip"":""daD@@DjYvzjj`@"",""before"":{""atoms"":8,""carbons"":8,""bonds"":8,""rings"":1,""formula"":""C₈H₁₆"",""formulaAscii"":""C8H16""},""after"":{""atoms"":8,""carbons"":8,""bonds"":8,""rings"":1,""formula"":""C₈H₁₆"",""formulaAscii"":""C8H16""},""layoutAtoms"":8,""pubchemSynonymMatch"":null,""nameReview"":""PARTIAL: equivalencia IUPAC pendiente de revisión; salida 1,2-dimetilciclohexano, referencia 1,2-dimethylcyclohexane"",""stereoKind"":""""}"
"HC-040","1-etil-3-metilciclohexano","cicloalcanos","https://pubchem.ncbi.nlm.nih.gov/rest/pug/compound/smiles/CCC1CC(C)CCC1/property/IUPACName,MolecularFormula,CanonicalSMILES,IsomericSMILES/JSON","","1-ethyl-3-methylcyclohexane","CCC1CCCC(C1)C","1-etil-3-metilciclohexano","C9H18","C₉H₁₈","CCC1CC(C)CCC1","PARTIAL","","{""invariants"":{""A_formula"":true,""B_heavyAtoms"":true,""C_carbons"":true,""D_bonds"":true,""E_rings"":true,""F_formalCharges"":true,""G_tetrahedralStereo"":true,""H_graphIsomorphism"":true},""canonicalGraphIDCodeInput"":""did@@DjUZnjjj@@"",""canonicalGraphIDCodeRoundTrip"":""did@@DjUZnjjj@@"",""before"":{""atoms"":9,""carbons"":9,""bonds"":9,""rings"":1,""formula"":""C₉H₁₈"",""formulaAscii"":""C9H18""},""after"":{""atoms"":9,""carbons"":9,""bonds"":9,""rings"":1,""formula"":""C₉H₁₈"",""formulaAscii"":""C9H18""},""layoutAtoms"":9,""pubchemSynonymMatch"":null,""nameReview"":""PARTIAL: equivalencia IUPAC pendiente de revisión; salida 1-etil-3-metilciclohexano, referencia 1-ethyl-3-methylcyclohexane"",""stereoKind"":""""}"
"HC-041","ciclopenteno","cicloalquenos","https://pubchem.ncbi.nlm.nih.gov/rest/pug/compound/smiles/C1%3DCCCC1/property/IUPACName,MolecularFormula,CanonicalSMILES,IsomericSMILES/JSON","","cyclopentene","C1CC=CC1","ciclopent-1-eno","C5H8","C₅H₈","C1CC=CC1","PARTIAL","","{""invariants"":{""A_formula"":true,""B_heavyAtoms"":true,""C_carbons"":true,""D_bonds"":true,""E_rings"":true,""F_formalCharges"":true,""G_tetrahedralStereo"":true,""H_graphIsomorphism"":true},""canonicalGraphIDCodeInput"":""gKP@Di\\Vj@@"",""canonicalGraphIDCodeRoundTrip"":""gKP@Di\\Vj@@"",""before"":{""atoms"":5,""carbons"":5,""bonds"":5,""rings"":1,""formula"":""C₅H₈"",""formulaAscii"":""C5H8""},""after"":{""atoms"":5,""carbons"":5,""bonds"":5,""rings"":1,""formula"":""C₅H₈"",""formulaAscii"":""C5H8""},""layoutAtoms"":5,""pubchemSynonymMatch"":null,""nameReview"":""PARTIAL: equivalencia IUPAC pendiente de revisión; salida ciclopent-1-eno, referencia cyclopentene"",""stereoKind"":""""}"
"HC-042","ciclohexeno","cicloalquenos","https://pubchem.ncbi.nlm.nih.gov/rest/pug/compound/smiles/C1%3DCCCCC1/property/IUPACName,MolecularFormula,CanonicalSMILES,IsomericSMILES/JSON","","cyclohexene","C1CCC=CC1","ciclohex-1-eno","C6H10","C₆H₁₀","C1CC=CCC1","PARTIAL","","{""invariants"":{""A_formula"":true,""B_heavyAtoms"":true,""C_carbons"":true,""D_bonds"":true,""E_rings"":true,""F_formalCharges"":true,""G_tetrahedralStereo"":true,""H_graphIsomorphism"":true},""canonicalGraphIDCodeInput"":""gFp@DiTujh@"",""canonicalGraphIDCodeRoundTrip"":""gFp@DiTujh@"",""before"":{""atoms"":6,""carbons"":6,""bonds"":6,""rings"":1,""formula"":""C₆H₁₀"",""formulaAscii"":""C6H10""},""after"":{""atoms"":6,""carbons"":6,""bonds"":6,""rings"":1,""formula"":""C₆H₁₀"",""formulaAscii"":""C6H10""},""layoutAtoms"":6,""pubchemSynonymMatch"":null,""nameReview"":""PARTIAL: equivalencia IUPAC pendiente de revisión; salida ciclohex-1-eno, referencia cyclohexene"",""stereoKind"":""""}"
"HC-043","ciclohexa-1,3-dieno","cicloalquenos","https://pubchem.ncbi.nlm.nih.gov/rest/pug/compound/smiles/C1%3DCC%3DCCC1/property/IUPACName,MolecularFormula,CanonicalSMILES,IsomericSMILES/JSON","","cyclohexa-1,3-diene","C1CC=CC=C1","ciclohexa-1,3-dieno","C6H8","C₆H₈","C1C=CC=CC1","PARTIAL","","{""invariants"":{""A_formula"":true,""B_heavyAtoms"":true,""C_carbons"":true,""D_bonds"":true,""E_rings"":true,""F_formalCharges"":true,""G_tetrahedralStereo"":true,""H_graphIsomorphism"":true},""canonicalGraphIDCodeInput"":""gFp@DiTvVh@"",""canonicalGraphIDCodeRoundTrip"":""gFp@DiTvVh@"",""before"":{""atoms"":6,""carbons"":6,""bonds"":6,""rings"":1,""formula"":""C₆H₈"",""formulaAscii"":""C6H8""},""after"":{""atoms"":6,""carbons"":6,""bonds"":6,""rings"":1,""formula"":""C₆H₈"",""formulaAscii"":""C6H8""},""layoutAtoms"":6,""pubchemSynonymMatch"":null,""nameReview"":""PARTIAL: equivalencia IUPAC pendiente de revisión; salida ciclohexa-1,3-dieno, referencia cyclohexa-1,3-diene"",""stereoKind"":""""}"
"HC-044","1-metilciclopenteno","cicloalquenos","https://pubchem.ncbi.nlm.nih.gov/rest/pug/compound/smiles/CC1%3DCCCC1/property/IUPACName,MolecularFormula,CanonicalSMILES,IsomericSMILES/JSON","","1-methylcyclopentene","CC1=CCCC1","1-metilciclopent-1-eno","C6H10","C₆H₁₀","CC1=CCCC1","PARTIAL","","{""invariants"":{""A_formula"":true,""B_heavyAtoms"":true,""C_carbons"":true,""D_bonds"":true,""E_rings"":true,""F_formalCharges"":true,""G_tetrahedralStereo"":true,""H_graphIsomorphism"":true},""canonicalGraphIDCodeInput"":""gFp@DjTujh@"",""canonicalGraphIDCodeRoundTrip"":""gFp@DjTujh@"",""before"":{""atoms"":6,""carbons"":6,""bonds"":6,""rings"":1,""formula"":""C₆H₁₀"",""formulaAscii"":""C6H10""},""after"":{""atoms"":6,""carbons"":6,""bonds"":6,""rings"":1,""formula"":""C₆H₁₀"",""formulaAscii"":""C6H10""},""layoutAtoms"":6,""pubchemSynonymMatch"":null,""nameReview"":""PARTIAL: equivalencia IUPAC pendiente de revisión; salida 1-metilciclopent-1-eno, referencia 1-methylcyclopentene"",""stereoKind"":""""}"
"HC-045","3-metilciclohexeno","cicloalquenos","https://pubchem.ncbi.nlm.nih.gov/rest/pug/compound/smiles/C1%3DCC(C)CCC1/property/IUPACName,MolecularFormula,CanonicalSMILES,IsomericSMILES/JSON","","3-methylcyclohexene","CC1CCCC=C1","3-metilciclohex-1-eno","C7H12","C₇H₁₂","CC1C=CCCC1","PARTIAL","","{""invariants"":{""A_formula"":true,""B_heavyAtoms"":true,""C_carbons"":true,""D_bonds"":true,""E_rings"":true,""F_formalCharges"":true,""G_tetrahedralStereo"":true,""H_graphIsomorphism"":true},""canonicalGraphIDCodeInput"":""gOp@DiYKZj`@"",""canonicalGraphIDCodeRoundTrip"":""gOp@DiYKZj`@"",""before"":{""atoms"":7,""carbons"":7,""bonds"":7,""rings"":1,""formula"":""C₇H₁₂"",""formulaAscii"":""C7H12""},""after"":{""atoms"":7,""carbons"":7,""bonds"":7,""rings"":1,""formula"":""C₇H₁₂"",""formulaAscii"":""C7H12""},""layoutAtoms"":7,""pubchemSynonymMatch"":null,""nameReview"":""PARTIAL: equivalencia IUPAC pendiente de revisión; salida 3-metilciclohex-1-eno, referencia 3-methylcyclohexene"",""stereoKind"":""""}"
"HC-046","benceno","benceno y derivados","https://pubchem.ncbi.nlm.nih.gov/rest/pug/compound/smiles/c1ccccc1/property/IUPACName,MolecularFormula,CanonicalSMILES,IsomericSMILES/JSON","benzol","benzene","C1=CC=CC=C1","benceno","C6H6","C₆H₆","c1ccccc1","PARTIAL","","{""invariants"":{""A_formula"":true,""B_heavyAtoms"":true,""C_carbons"":true,""D_bonds"":true,""E_rings"":true,""F_formalCharges"":true,""G_tetrahedralStereo"":true,""H_graphIsomorphism"":true},""canonicalGraphIDCodeInput"":""gFp@DiTt@@@"",""canonicalGraphIDCodeRoundTrip"":""gFp@DiTt@@@"",""before"":{""atoms"":6,""carbons"":6,""bonds"":6,""rings"":1,""formula"":""C₆H₆"",""formulaAscii"":""C6H6""},""after"":{""atoms"":6,""carbons"":6,""bonds"":6,""rings"":1,""formula"":""C₆H₆"",""formulaAscii"":""C6H6""},""layoutAtoms"":6,""pubchemSynonymMatch"":null,""nameReview"":""PARTIAL: equivalencia IUPAC pendiente de revisión; salida benceno, referencia benzene"",""stereoKind"":""""}"
"HC-047","tolueno","benceno y derivados","https://pubchem.ncbi.nlm.nih.gov/rest/pug/compound/smiles/Cc1ccccc1/property/IUPACName,MolecularFormula,CanonicalSMILES,IsomericSMILES/JSON","toluene","toluene","CC1=CC=CC=C1","metilbenceno","C7H8","C₇H₈","Cc1ccccc1","PARTIAL","","{""invariants"":{""A_formula"":true,""B_heavyAtoms"":true,""C_carbons"":true,""D_bonds"":true,""E_rings"":true,""F_formalCharges"":true,""G_tetrahedralStereo"":true,""H_graphIsomorphism"":true},""canonicalGraphIDCodeInput"":""gOp@DjWkB@@@"",""canonicalGraphIDCodeRoundTrip"":""gOp@DjWkB@@@"",""before"":{""atoms"":7,""carbons"":7,""bonds"":7,""rings"":1,""formula"":""C₇H₈"",""formulaAscii"":""C7H8""},""after"":{""atoms"":7,""carbons"":7,""bonds"":7,""rings"":1,""formula"":""C₇H₈"",""formulaAscii"":""C7H8""},""layoutAtoms"":7,""pubchemSynonymMatch"":null,""nameReview"":""PARTIAL: equivalencia IUPAC pendiente de revisión; salida metilbenceno, referencia toluene"",""stereoKind"":""""}"
"HC-048","etilbenceno","benceno y derivados","https://pubchem.ncbi.nlm.nih.gov/rest/pug/compound/smiles/CCc1ccccc1/property/IUPACName,MolecularFormula,CanonicalSMILES,IsomericSMILES/JSON","","ethylbenzene","CCC1=CC=CC=C1","etilbenceno","C8H10","C₈H₁₀","CCc1ccccc1","PARTIAL","","{""invariants"":{""A_formula"":true,""B_heavyAtoms"":true,""C_carbons"":true,""D_bonds"":true,""E_rings"":true,""F_formalCharges"":true,""G_tetrahedralStereo"":true,""H_graphIsomorphism"":true},""canonicalGraphIDCodeInput"":""daD@@DjUZxHH@@"",""canonicalGraphIDCodeRoundTrip"":""daD@@DjUZxHH@@"",""before"":{""atoms"":8,""carbons"":8,""bonds"":8,""rings"":1,""formula"":""C₈H₁₀"",""formulaAscii"":""C8H10""},""after"":{""atoms"":8,""carbons"":8,""bonds"":8,""rings"":1,""formula"":""C₈H₁₀"",""formulaAscii"":""C8H10""},""layoutAtoms"":8,""pubchemSynonymMatch"":null,""nameReview"":""PARTIAL: equivalencia IUPAC pendiente de revisión; salida etilbenceno, referencia ethylbenzene"",""stereoKind"":""""}"
"HC-049","1,2-dimetilbenceno","benceno y derivados","https://pubchem.ncbi.nlm.nih.gov/rest/pug/compound/smiles/Cc1ccccc1C/property/IUPACName,MolecularFormula,CanonicalSMILES,IsomericSMILES/JSON","O-XYLENE","1,2-xylene","CC1=CC=CC=C1C","1,2-dimetilbenceno","C8H10","C₈H₁₀","Cc1ccccc1C","PARTIAL","","{""invariants"":{""A_formula"":true,""B_heavyAtoms"":true,""C_carbons"":true,""D_bonds"":true,""E_rings"":true,""F_formalCharges"":true,""G_tetrahedralStereo"":true,""H_graphIsomorphism"":true},""canonicalGraphIDCodeInput"":""daD@@DjYvxH`@@"",""canonicalGraphIDCodeRoundTrip"":""daD@@DjYvxH`@@"",""before"":{""atoms"":8,""carbons"":8,""bonds"":8,""rings"":1,""formula"":""C₈H₁₀"",""formulaAscii"":""C8H10""},""after"":{""atoms"":8,""carbons"":8,""bonds"":8,""rings"":1,""formula"":""C₈H₁₀"",""formulaAscii"":""C8H10""},""layoutAtoms"":8,""pubchemSynonymMatch"":null,""nameReview"":""PARTIAL: equivalencia IUPAC pendiente de revisión; salida 1,2-dimetilbenceno, referencia 1,2-xylene"",""stereoKind"":""""}"
"HC-050","1,3-dimetilbenceno","benceno y derivados","https://pubchem.ncbi.nlm.nih.gov/rest/pug/compound/smiles/Cc1cccc(C)c1/property/IUPACName,MolecularFormula,CanonicalSMILES,IsomericSMILES/JSON","M-XYLENE","1,3-xylene","CC1=CC(=CC=C1)C","1,3-dimetilbenceno","C8H10","C₈H₁₀","Cc1cccc(C)c1","PARTIAL","","{""invariants"":{""A_formula"":true,""B_heavyAtoms"":true,""C_carbons"":true,""D_bonds"":true,""E_rings"":true,""F_formalCharges"":true,""G_tetrahedralStereo"":true,""H_graphIsomorphism"":true},""canonicalGraphIDCodeInput"":""daD@@DjWjXHB@@"",""canonicalGraphIDCodeRoundTrip"":""daD@@DjWjXHB@@"",""before"":{""atoms"":8,""carbons"":8,""bonds"":8,""rings"":1,""formula"":""C₈H₁₀"",""formulaAscii"":""C8H10""},""after"":{""atoms"":8,""carbons"":8,""bonds"":8,""rings"":1,""formula"":""C₈H₁₀"",""formulaAscii"":""C8H10""},""layoutAtoms"":8,""pubchemSynonymMatch"":null,""nameReview"":""PARTIAL: equivalencia IUPAC pendiente de revisión; salida 1,3-dimetilbenceno, referencia 1,3-xylene"",""stereoKind"":""""}"
"HC-051","1,4-dimetilbenceno","benceno y derivados","https://pubchem.ncbi.nlm.nih.gov/rest/pug/compound/smiles/Cc1ccc(C)cc1/property/IUPACName,MolecularFormula,CanonicalSMILES,IsomericSMILES/JSON","P-XYLENE","1,4-xylene","CC1=CC=C(C=C1)C","1,4-dimetilbenceno","C8H10","C₈H₁₀","Cc1ccc(C)cc1","PARTIAL","","{""invariants"":{""A_formula"":true,""B_heavyAtoms"":true,""C_carbons"":true,""D_bonds"":true,""E_rings"":true,""F_formalCharges"":true,""G_tetrahedralStereo"":true,""H_graphIsomorphism"":true},""canonicalGraphIDCodeInput"":""daD@@DjWzXHB@@"",""canonicalGraphIDCodeRoundTrip"":""daD@@DjWzXHB@@"",""before"":{""atoms"":8,""carbons"":8,""bonds"":8,""rings"":1,""formula"":""C₈H₁₀"",""formulaAscii"":""C8H10""},""after"":{""atoms"":8,""carbons"":8,""bonds"":8,""rings"":1,""formula"":""C₈H₁₀"",""formulaAscii"":""C8H10""},""layoutAtoms"":8,""pubchemSynonymMatch"":null,""nameReview"":""PARTIAL: equivalencia IUPAC pendiente de revisión; salida 1,4-dimetilbenceno, referencia 1,4-xylene"",""stereoKind"":""""}"
"HC-052","1-etil-3-metilbenceno","benceno y derivados","https://pubchem.ncbi.nlm.nih.gov/rest/pug/compound/smiles/CCc1cccc(C)c1/property/IUPACName,MolecularFormula,CanonicalSMILES,IsomericSMILES/JSON","3-Ethyltoluene","1-ethyl-3-methylbenzene","CCC1=CC=CC(=C1)C","1-etil-3-metilbenceno","C9H12","C₉H₁₂","CCc1cccc(C)c1","PARTIAL","","{""invariants"":{""A_formula"":true,""B_heavyAtoms"":true,""C_carbons"":true,""D_bonds"":true,""E_rings"":true,""F_formalCharges"":true,""G_tetrahedralStereo"":true,""H_graphIsomorphism"":true},""canonicalGraphIDCodeInput"":""did@@DjUZnBBH@@"",""canonicalGraphIDCodeRoundTrip"":""did@@DjUZnBBH@@"",""before"":{""atoms"":9,""carbons"":9,""bonds"":9,""rings"":1,""formula"":""C₉H₁₂"",""formulaAscii"":""C9H12""},""after"":{""atoms"":9,""carbons"":9,""bonds"":9,""rings"":1,""formula"":""C₉H₁₂"",""formulaAscii"":""C9H12""},""layoutAtoms"":9,""pubchemSynonymMatch"":null,""nameReview"":""PARTIAL: equivalencia IUPAC pendiente de revisión; salida 1-etil-3-metilbenceno, referencia 1-ethyl-3-methylbenzene"",""stereoKind"":""""}"
"HC-053","1-etil-2,4-dimetilbenceno","benceno y derivados","https://pubchem.ncbi.nlm.nih.gov/rest/pug/compound/smiles/CCc1c(C)cc(C)cc1/property/IUPACName,MolecularFormula,CanonicalSMILES,IsomericSMILES/JSON","","1-ethyl-2,4-dimethylbenzene","CCC1=C(C=C(C=C1)C)C","1-etil-2,4-dimetilbenceno","C10H14","C₁₀H₁₄","CCc1c(C)cc(C)cc1","PARTIAL","","{""invariants"":{""A_formula"":true,""B_heavyAtoms"":true,""C_carbons"":true,""D_bonds"":true,""E_rings"":true,""F_formalCharges"":true,""G_tetrahedralStereo"":true,""H_graphIsomorphism"":true},""canonicalGraphIDCodeInput"":""deT@@LdbbRkBDQD@@"",""canonicalGraphIDCodeRoundTrip"":""deT@@LdbbRkBDQD@@"",""before"":{""atoms"":10,""carbons"":10,""bonds"":10,""rings"":1,""formula"":""C₁₀H₁₄"",""formulaAscii"":""C10H14""},""after"":{""atoms"":10,""carbons"":10,""bonds"":10,""rings"":1,""formula"":""C₁₀H₁₄"",""formulaAscii"":""C10H14""},""layoutAtoms"":10,""pubchemSynonymMatch"":null,""nameReview"":""PARTIAL: equivalencia IUPAC pendiente de revisión; salida 1-etil-2,4-dimetilbenceno, referencia 1-ethyl-2,4-dimethylbenzene"",""stereoKind"":""""}"
"HC-054","propilbenceno","benceno y derivados","https://pubchem.ncbi.nlm.nih.gov/rest/pug/compound/smiles/CCCc1ccccc1/property/IUPACName,MolecularFormula,CanonicalSMILES,IsomericSMILES/JSON","","propylbenzene","CCCC1=CC=CC=C1","propilbenceno","C9H12","C₉H₁₂","CCCc1ccccc1","PARTIAL","","{""invariants"":{""A_formula"":true,""B_heavyAtoms"":true,""C_carbons"":true,""D_bonds"":true,""E_rings"":true,""F_formalCharges"":true,""G_tetrahedralStereo"":true,""H_graphIsomorphism"":true},""canonicalGraphIDCodeInput"":""did@@DjU^nBBH@@"",""canonicalGraphIDCodeRoundTrip"":""did@@DjU^nBBH@@"",""before"":{""atoms"":9,""carbons"":9,""bonds"":9,""rings"":1,""formula"":""C₉H₁₂"",""formulaAscii"":""C9H12""},""after"":{""atoms"":9,""carbons"":9,""bonds"":9,""rings"":1,""formula"":""C₉H₁₂"",""formulaAscii"":""C9H12""},""layoutAtoms"":9,""pubchemSynonymMatch"":null,""nameReview"":""PARTIAL: equivalencia IUPAC pendiente de revisión; salida propilbenceno, referencia propylbenzene"",""stereoKind"":""""}"
"HC-055","isopropilbenceno","benceno y derivados","https://pubchem.ncbi.nlm.nih.gov/rest/pug/compound/smiles/CC(C)c1ccccc1/property/IUPACName,MolecularFormula,CanonicalSMILES,IsomericSMILES/JSON","CUMENE","cumene","CC(C)C1=CC=CC=C1","(1-metiletil)benceno","C9H12","C₉H₁₂","CC(C)c1ccccc1","PARTIAL","","{""invariants"":{""A_formula"":true,""B_heavyAtoms"":true,""C_carbons"":true,""D_bonds"":true,""E_rings"":true,""F_formalCharges"":true,""G_tetrahedralStereo"":true,""H_graphIsomorphism"":true},""canonicalGraphIDCodeInput"":""did@@DjUfaBB`@@"",""canonicalGraphIDCodeRoundTrip"":""did@@DjUfaBB`@@"",""before"":{""atoms"":9,""carbons"":9,""bonds"":9,""rings"":1,""formula"":""C₉H₁₂"",""formulaAscii"":""C9H12""},""after"":{""atoms"":9,""carbons"":9,""bonds"":9,""rings"":1,""formula"":""C₉H₁₂"",""formulaAscii"":""C9H12""},""layoutAtoms"":9,""pubchemSynonymMatch"":null,""nameReview"":""PARTIAL: equivalencia IUPAC pendiente de revisión; salida (1-metiletil)benceno, referencia cumene"",""stereoKind"":""""}"
"HC-056","metanol","alcoholes","https://pubchem.ncbi.nlm.nih.gov/rest/pug/compound/smiles/CO/property/IUPACName,MolecularFormula,CanonicalSMILES,IsomericSMILES/JSON","methyl alcohol","methanol","CO","metanol","CH4O","C₁H₄O","CO","PASS","","{""invariants"":{""A_formula"":true,""B_heavyAtoms"":true,""C_carbons"":true,""D_bonds"":true,""E_rings"":true,""F_formalCharges"":true,""G_tetrahedralStereo"":true,""H_graphIsomorphism"":true},""canonicalGraphIDCodeInput"":""eFHBL@"",""canonicalGraphIDCodeRoundTrip"":""eFHBL@"",""before"":{""atoms"":2,""carbons"":1,""bonds"":1,""rings"":0,""formula"":""C₁H₄O"",""formulaAscii"":""CH4O""},""after"":{""atoms"":2,""carbons"":1,""bonds"":1,""rings"":0,""formula"":""C₁H₄O"",""formulaAscii"":""CH4O""},""layoutAtoms"":2,""pubchemSynonymMatch"":""Metanol"",""nameReview"":""Nombre publicado por PubChem como sinónimo alternativo: Metanol; su carácter IUPAC o común requiere interpretación nomenclatural."",""stereoKind"":""""}"
"HC-057","etanol","alcoholes","https://pubchem.ncbi.nlm.nih.gov/rest/pug/compound/smiles/CCO/property/IUPACName,MolecularFormula,CanonicalSMILES,IsomericSMILES/JSON","ethyl alcohol","ethanol","CCO","etan-1-ol","C2H6O","C₂H₆O","CCO","PARTIAL","","{""invariants"":{""A_formula"":true,""B_heavyAtoms"":true,""C_carbons"":true,""D_bonds"":true,""E_rings"":true,""F_formalCharges"":true,""G_tetrahedralStereo"":true,""H_graphIsomorphism"":true},""canonicalGraphIDCodeInput"":""eMHAIh@"",""canonicalGraphIDCodeRoundTrip"":""eMHAIh@"",""before"":{""atoms"":3,""carbons"":2,""bonds"":2,""rings"":0,""formula"":""C₂H₆O"",""formulaAscii"":""C2H6O""},""after"":{""atoms"":3,""carbons"":2,""bonds"":2,""rings"":0,""formula"":""C₂H₆O"",""formulaAscii"":""C2H6O""},""layoutAtoms"":3,""pubchemSynonymMatch"":null,""nameReview"":""PARTIAL: equivalencia IUPAC pendiente de revisión; salida etan-1-ol, referencia ethanol"",""stereoKind"":""""}"
"HC-058","propan-1-ol","alcoholes","https://pubchem.ncbi.nlm.nih.gov/rest/pug/compound/smiles/CCCO/property/IUPACName,MolecularFormula,CanonicalSMILES,IsomericSMILES/JSON","","propan-1-ol","CCCO","propan-1-ol","C3H8O","C₃H₈O","CCCO","PASS","","{""invariants"":{""A_formula"":true,""B_heavyAtoms"":true,""C_carbons"":true,""D_bonds"":true,""E_rings"":true,""F_formalCharges"":true,""G_tetrahedralStereo"":true,""H_graphIsomorphism"":true},""canonicalGraphIDCodeInput"":""gCa@@dmP@"",""canonicalGraphIDCodeRoundTrip"":""gCa@@dmP@"",""before"":{""atoms"":4,""carbons"":3,""bonds"":3,""rings"":0,""formula"":""C₃H₈O"",""formulaAscii"":""C3H8O""},""after"":{""atoms"":4,""carbons"":3,""bonds"":3,""rings"":0,""formula"":""C₃H₈O"",""formulaAscii"":""C3H8O""},""layoutAtoms"":4,""pubchemSynonymMatch"":""Propan-1-ol"",""nameReview"":""Nombre publicado por PubChem como sinónimo alternativo: Propan-1-ol; su carácter IUPAC o común requiere interpretación nomenclatural."",""stereoKind"":""""}"
"HC-059","propan-2-ol","alcoholes","https://pubchem.ncbi.nlm.nih.gov/rest/pug/compound/smiles/CC(O)C/property/IUPACName,MolecularFormula,CanonicalSMILES,IsomericSMILES/JSON","isopropyl alcohol","propan-2-ol","CC(C)O","propan-2-ol","C3H8O","C₃H₈O","CC(C)O","PASS","","{""invariants"":{""A_formula"":true,""B_heavyAtoms"":true,""C_carbons"":true,""D_bonds"":true,""E_rings"":true,""F_formalCharges"":true,""G_tetrahedralStereo"":true,""H_graphIsomorphism"":true},""canonicalGraphIDCodeInput"":""gCa@@duP@"",""canonicalGraphIDCodeRoundTrip"":""gCa@@duP@"",""before"":{""atoms"":4,""carbons"":3,""bonds"":3,""rings"":0,""formula"":""C₃H₈O"",""formulaAscii"":""C3H8O""},""after"":{""atoms"":4,""carbons"":3,""bonds"":3,""rings"":0,""formula"":""C₃H₈O"",""formulaAscii"":""C3H8O""},""layoutAtoms"":4,""pubchemSynonymMatch"":""Propan-2-ol"",""nameReview"":""Nombre publicado por PubChem como sinónimo alternativo: Propan-2-ol; su carácter IUPAC o común requiere interpretación nomenclatural."",""stereoKind"":""""}"
"HC-060","butan-2-ol","alcoholes","https://pubchem.ncbi.nlm.nih.gov/rest/pug/compound/smiles/CCC(O)C/property/IUPACName,MolecularFormula,CanonicalSMILES,IsomericSMILES/JSON","","butan-2-ol","CCC(C)O","butan-2-ol","C4H10O","C₄H₁₀O","CCC(C)O","PASS","","{""invariants"":{""A_formula"":true,""B_heavyAtoms"":true,""C_carbons"":true,""D_bonds"":true,""E_rings"":true,""F_formalCharges"":true,""G_tetrahedralStereo"":true,""H_graphIsomorphism"":true},""canonicalGraphIDCodeInput"":""gJQ@@dsU@@"",""canonicalGraphIDCodeRoundTrip"":""gJQ@@dsU@@"",""before"":{""atoms"":5,""carbons"":4,""bonds"":4,""rings"":0,""formula"":""C₄H₁₀O"",""formulaAscii"":""C4H10O""},""after"":{""atoms"":5,""carbons"":4,""bonds"":4,""rings"":0,""formula"":""C₄H₁₀O"",""formulaAscii"":""C4H10O""},""layoutAtoms"":5,""pubchemSynonymMatch"":""Butan-2-ol"",""nameReview"":""Nombre publicado por PubChem como sinónimo alternativo: Butan-2-ol; su carácter IUPAC o común requiere interpretación nomenclatural."",""stereoKind"":""""}"
"HC-061","2-metilpropan-2-ol","alcoholes","https://pubchem.ncbi.nlm.nih.gov/rest/pug/compound/smiles/CC(C)(C)O/property/IUPACName,MolecularFormula,CanonicalSMILES,IsomericSMILES/JSON","tert-Butyl alcohol","2-methylpropan-2-ol","CC(C)(C)O","2-metilpropan-2-ol","C4H10O","C₄H₁₀O","CC(C)(C)O","PARTIAL","","{""invariants"":{""A_formula"":true,""B_heavyAtoms"":true,""C_carbons"":true,""D_bonds"":true,""E_rings"":true,""F_formalCharges"":true,""G_tetrahedralStereo"":true,""H_graphIsomorphism"":true},""canonicalGraphIDCodeInput"":""gJQ@@duU@@"",""canonicalGraphIDCodeRoundTrip"":""gJQ@@duU@@"",""before"":{""atoms"":5,""carbons"":4,""bonds"":4,""rings"":0,""formula"":""C₄H₁₀O"",""formulaAscii"":""C4H10O""},""after"":{""atoms"":5,""carbons"":4,""bonds"":4,""rings"":0,""formula"":""C₄H₁₀O"",""formulaAscii"":""C4H10O""},""layoutAtoms"":5,""pubchemSynonymMatch"":null,""nameReview"":""PARTIAL: equivalencia IUPAC pendiente de revisión; salida 2-metilpropan-2-ol, referencia 2-methylpropan-2-ol"",""stereoKind"":""""}"
"HC-062","pentano-1,3-diol","alcoholes","https://pubchem.ncbi.nlm.nih.gov/rest/pug/compound/smiles/OCCC(O)CC/property/IUPACName,MolecularFormula,CanonicalSMILES,IsomericSMILES/JSON","","pentane-1,3-diol","CCC(CCO)O","pentan-1,3-diol","C5H12O2","C₅H₁₂O₂","CCC(CCO)O","PARTIAL","","{""invariants"":{""A_formula"":true,""B_heavyAtoms"":true,""C_carbons"":true,""D_bonds"":true,""E_rings"":true,""F_formalCharges"":true,""G_tetrahedralStereo"":true,""H_graphIsomorphism"":true},""canonicalGraphIDCodeInput"":""gNp`@tfUjj@@"",""canonicalGraphIDCodeRoundTrip"":""gNp`@tfUjj@@"",""before"":{""atoms"":7,""carbons"":5,""bonds"":6,""rings"":0,""formula"":""C₅H₁₂O₂"",""formulaAscii"":""C5H12O2""},""after"":{""atoms"":7,""carbons"":5,""bonds"":6,""rings"":0,""formula"":""C₅H₁₂O₂"",""formulaAscii"":""C5H12O2""},""layoutAtoms"":7,""pubchemSynonymMatch"":null,""nameReview"":""PARTIAL: equivalencia IUPAC pendiente de revisión; salida pentan-1,3-diol, referencia pentane-1,3-diol"",""stereoKind"":""""}"
"HC-063","propano-1,2,3-triol","alcoholes","https://pubchem.ncbi.nlm.nih.gov/rest/pug/compound/smiles/OCC(O)CO/property/IUPACName,MolecularFormula,CanonicalSMILES,IsomericSMILES/JSON","glycerol","propane-1,2,3-triol","C(C(CO)O)O","propan-1,2,3-triol","C3H8O3","C₃H₈O₃","OCC(CO)O","PARTIAL","","{""invariants"":{""A_formula"":true,""B_heavyAtoms"":true,""C_carbons"":true,""D_bonds"":true,""E_rings"":true,""F_formalCharges"":true,""G_tetrahedralStereo"":true,""H_graphIsomorphism"":true},""canonicalGraphIDCodeInput"":""gGQ`@ZdruT@@"",""canonicalGraphIDCodeRoundTrip"":""gGQ`@ZdruT@@"",""before"":{""atoms"":6,""carbons"":3,""bonds"":5,""rings"":0,""formula"":""C₃H₈O₃"",""formulaAscii"":""C3H8O3""},""after"":{""atoms"":6,""carbons"":3,""bonds"":5,""rings"":0,""formula"":""C₃H₈O₃"",""formulaAscii"":""C3H8O3""},""layoutAtoms"":6,""pubchemSynonymMatch"":null,""nameReview"":""PARTIAL: equivalencia IUPAC pendiente de revisión; salida propan-1,2,3-triol, referencia propane-1,2,3-triol"",""stereoKind"":""""}"
"HC-064","metanal","aldehídos","https://pubchem.ncbi.nlm.nih.gov/rest/pug/compound/smiles/C%3DO/property/IUPACName,MolecularFormula,CanonicalSMILES,IsomericSMILES/JSON","formol","formaldehyde","C=O","metanal","CH2O","C₁H₂O","C=O","PARTIAL","","{""invariants"":{""A_formula"":true,""B_heavyAtoms"":true,""C_carbons"":true,""D_bonds"":true,""E_rings"":true,""F_formalCharges"":true,""G_tetrahedralStereo"":true,""H_graphIsomorphism"":true},""canonicalGraphIDCodeInput"":""eFHBJ@"",""canonicalGraphIDCodeRoundTrip"":""eFHBJ@"",""before"":{""atoms"":2,""carbons"":1,""bonds"":1,""rings"":0,""formula"":""C₁H₂O"",""formulaAscii"":""CH2O""},""after"":{""atoms"":2,""carbons"":1,""bonds"":1,""rings"":0,""formula"":""C₁H₂O"",""formulaAscii"":""CH2O""},""layoutAtoms"":2,""pubchemSynonymMatch"":null,""nameReview"":""PARTIAL: equivalencia IUPAC pendiente de revisión; salida metanal, referencia formaldehyde"",""stereoKind"":""""}"
"HC-065","etanal","aldehídos","https://pubchem.ncbi.nlm.nih.gov/rest/pug/compound/smiles/CC%3DO/property/IUPACName,MolecularFormula,CanonicalSMILES,IsomericSMILES/JSON","acetic aldehyde","acetaldehyde","CC=O","etanal","C2H4O","C₂H₄O","CC=O","PARTIAL","","{""invariants"":{""A_formula"":true,""B_heavyAtoms"":true,""C_carbons"":true,""D_bonds"":true,""E_rings"":true,""F_formalCharges"":true,""G_tetrahedralStereo"":true,""H_graphIsomorphism"":true},""canonicalGraphIDCodeInput"":""eMHAIX@"",""canonicalGraphIDCodeRoundTrip"":""eMHAIX@"",""before"":{""atoms"":3,""carbons"":2,""bonds"":2,""rings"":0,""formula"":""C₂H₄O"",""formulaAscii"":""C2H4O""},""after"":{""atoms"":3,""carbons"":2,""bonds"":2,""rings"":0,""formula"":""C₂H₄O"",""formulaAscii"":""C2H4O""},""layoutAtoms"":3,""pubchemSynonymMatch"":null,""nameReview"":""PARTIAL: equivalencia IUPAC pendiente de revisión; salida etanal, referencia acetaldehyde"",""stereoKind"":""""}"
"HC-066","propanal","aldehídos","https://pubchem.ncbi.nlm.nih.gov/rest/pug/compound/smiles/CCC%3DO/property/IUPACName,MolecularFormula,CanonicalSMILES,IsomericSMILES/JSON","","propanal","CCC=O","propanal","C3H6O","C₃H₆O","CCC=O","PASS","","{""invariants"":{""A_formula"":true,""B_heavyAtoms"":true,""C_carbons"":true,""D_bonds"":true,""E_rings"":true,""F_formalCharges"":true,""G_tetrahedralStereo"":true,""H_graphIsomorphism"":true},""canonicalGraphIDCodeInput"":""gCa@@dkP@"",""canonicalGraphIDCodeRoundTrip"":""gCa@@dkP@"",""before"":{""atoms"":4,""carbons"":3,""bonds"":3,""rings"":0,""formula"":""C₃H₆O"",""formulaAscii"":""C3H6O""},""after"":{""atoms"":4,""carbons"":3,""bonds"":3,""rings"":0,""formula"":""C₃H₆O"",""formulaAscii"":""C3H6O""},""layoutAtoms"":4,""pubchemSynonymMatch"":""propanal"",""nameReview"":""Nombre publicado por PubChem como sinónimo alternativo: propanal; su carácter IUPAC o común requiere interpretación nomenclatural."",""stereoKind"":""""}"
"HC-067","butanal","aldehídos","https://pubchem.ncbi.nlm.nih.gov/rest/pug/compound/smiles/CCCC%3DO/property/IUPACName,MolecularFormula,CanonicalSMILES,IsomericSMILES/JSON","","butanal","CCCC=O","butanal","C4H8O","C₄H₈O","CCCC=O","PASS","","{""invariants"":{""A_formula"":true,""B_heavyAtoms"":true,""C_carbons"":true,""D_bonds"":true,""E_rings"":true,""F_formalCharges"":true,""G_tetrahedralStereo"":true,""H_graphIsomorphism"":true},""canonicalGraphIDCodeInput"":""gJQ@@dju@@"",""canonicalGraphIDCodeRoundTrip"":""gJQ@@dju@@"",""before"":{""atoms"":5,""carbons"":4,""bonds"":4,""rings"":0,""formula"":""C₄H₈O"",""formulaAscii"":""C4H8O""},""after"":{""atoms"":5,""carbons"":4,""bonds"":4,""rings"":0,""formula"":""C₄H₈O"",""formulaAscii"":""C4H8O""},""layoutAtoms"":5,""pubchemSynonymMatch"":""butanal"",""nameReview"":""Nombre publicado por PubChem como sinónimo alternativo: butanal; su carácter IUPAC o común requiere interpretación nomenclatural."",""stereoKind"":""""}"
"HC-068","2-metilpropanal","aldehídos","https://pubchem.ncbi.nlm.nih.gov/rest/pug/compound/smiles/CC(C)C%3DO/property/IUPACName,MolecularFormula,CanonicalSMILES,IsomericSMILES/JSON","","2-methylpropanal","CC(C)C=O","2-metilpropanal","C4H8O","C₄H₈O","CC(C)C=O","PARTIAL","","{""invariants"":{""A_formula"":true,""B_heavyAtoms"":true,""C_carbons"":true,""D_bonds"":true,""E_rings"":true,""F_formalCharges"":true,""G_tetrahedralStereo"":true,""H_graphIsomorphism"":true},""canonicalGraphIDCodeInput"":""gJQ@@dlu@@"",""canonicalGraphIDCodeRoundTrip"":""gJQ@@dlu@@"",""before"":{""atoms"":5,""carbons"":4,""bonds"":4,""rings"":0,""formula"":""C₄H₈O"",""formulaAscii"":""C4H8O""},""after"":{""atoms"":5,""carbons"":4,""bonds"":4,""rings"":0,""formula"":""C₄H₈O"",""formulaAscii"":""C4H8O""},""layoutAtoms"":5,""pubchemSynonymMatch"":null,""nameReview"":""PARTIAL: equivalencia IUPAC pendiente de revisión; salida 2-metilpropanal, referencia 2-methylpropanal"",""stereoKind"":""""}"
"HC-069","3-metilbutanal","aldehídos","https://pubchem.ncbi.nlm.nih.gov/rest/pug/compound/smiles/CC(C)CC%3DO/property/IUPACName,MolecularFormula,CanonicalSMILES,IsomericSMILES/JSON","","3-methylbutanal","CC(C)CC=O","3-metilbutanal","C5H10O","C₅H₁₀O","CC(C)CC=O","PARTIAL","","{""invariants"":{""A_formula"":true,""B_heavyAtoms"":true,""C_carbons"":true,""D_bonds"":true,""E_rings"":true,""F_formalCharges"":true,""G_tetrahedralStereo"":true,""H_graphIsomorphism"":true},""canonicalGraphIDCodeInput"":""gGQ@@dkMT@@"",""canonicalGraphIDCodeRoundTrip"":""gGQ@@dkMT@@"",""before"":{""atoms"":6,""carbons"":5,""bonds"":5,""rings"":0,""formula"":""C₅H₁₀O"",""formulaAscii"":""C5H10O""},""after"":{""atoms"":6,""carbons"":5,""bonds"":5,""rings"":0,""formula"":""C₅H₁₀O"",""formulaAscii"":""C5H10O""},""layoutAtoms"":6,""pubchemSynonymMatch"":null,""nameReview"":""PARTIAL: equivalencia IUPAC pendiente de revisión; salida 3-metilbutanal, referencia 3-methylbutanal"",""stereoKind"":""""}"
"HC-070","ciclopropanocarbaldehído","aldehídos","https://pubchem.ncbi.nlm.nih.gov/rest/pug/compound/smiles/O%3DCC1CC1/property/IUPACName,MolecularFormula,CanonicalSMILES,IsomericSMILES/JSON","","cyclopropanecarbaldehyde","C1CC1C=O","ciclopropanocarbaldehído","C4H6O","C₄H₆O","O=CC1CC1","PARTIAL","","{""invariants"":{""A_formula"":true,""B_heavyAtoms"":true,""C_carbons"":true,""D_bonds"":true,""E_rings"":true,""F_formalCharges"":true,""G_tetrahedralStereo"":true,""H_graphIsomorphism"":true},""canonicalGraphIDCodeInput"":""gKQ@@dmbuP@"",""canonicalGraphIDCodeRoundTrip"":""gKQ@@dmbuP@"",""before"":{""atoms"":5,""carbons"":4,""bonds"":5,""rings"":1,""formula"":""C₄H₆O"",""formulaAscii"":""C4H6O""},""after"":{""atoms"":5,""carbons"":4,""bonds"":5,""rings"":1,""formula"":""C₄H₆O"",""formulaAscii"":""C4H6O""},""layoutAtoms"":5,""pubchemSynonymMatch"":null,""nameReview"":""PARTIAL: equivalencia IUPAC pendiente de revisión; salida ciclopropanocarbaldehído, referencia cyclopropanecarbaldehyde"",""stereoKind"":""""}"
"HC-071","ciclopentanocarbaldehído","aldehídos","https://pubchem.ncbi.nlm.nih.gov/rest/pug/compound/smiles/O%3DCC1CCCC1/property/IUPACName,MolecularFormula,CanonicalSMILES,IsomericSMILES/JSON","","cyclopentanecarbaldehyde","C1CCC(C1)C=O","ciclopentanocarbaldehído","C6H10O","C₆H₁₀O","O=CC1CCCC1","PARTIAL","","{""invariants"":{""A_formula"":true,""B_heavyAtoms"":true,""C_carbons"":true,""D_bonds"":true,""E_rings"":true,""F_formalCharges"":true,""G_tetrahedralStereo"":true,""H_graphIsomorphism"":true},""canonicalGraphIDCodeInput"":""gOq@@dlm[UT@@"",""canonicalGraphIDCodeRoundTrip"":""gOq@@dlm[UT@@"",""before"":{""atoms"":7,""carbons"":6,""bonds"":7,""rings"":1,""formula"":""C₆H₁₀O"",""formulaAscii"":""C6H10O""},""after"":{""atoms"":7,""carbons"":6,""bonds"":7,""rings"":1,""formula"":""C₆H₁₀O"",""formulaAscii"":""C6H10O""},""layoutAtoms"":7,""pubchemSynonymMatch"":null,""nameReview"":""PARTIAL: equivalencia IUPAC pendiente de revisión; salida ciclopentanocarbaldehído, referencia cyclopentanecarbaldehyde"",""stereoKind"":""""}"
"HC-072","propanona","cetonas","https://pubchem.ncbi.nlm.nih.gov/rest/pug/compound/smiles/CC(%3DO)C/property/IUPACName,MolecularFormula,CanonicalSMILES,IsomericSMILES/JSON","acetone","propan-2-one","CC(=O)C","propan-2-ona","C3H6O","C₃H₆O","CC(C)=O","PARTIAL","","{""invariants"":{""A_formula"":true,""B_heavyAtoms"":true,""C_carbons"":true,""D_bonds"":true,""E_rings"":true,""F_formalCharges"":true,""G_tetrahedralStereo"":true,""H_graphIsomorphism"":true},""canonicalGraphIDCodeInput"":""gCa@@dsP@"",""canonicalGraphIDCodeRoundTrip"":""gCa@@dsP@"",""before"":{""atoms"":4,""carbons"":3,""bonds"":3,""rings"":0,""formula"":""C₃H₆O"",""formulaAscii"":""C3H6O""},""after"":{""atoms"":4,""carbons"":3,""bonds"":3,""rings"":0,""formula"":""C₃H₆O"",""formulaAscii"":""C3H6O""},""layoutAtoms"":4,""pubchemSynonymMatch"":null,""nameReview"":""PARTIAL: equivalencia IUPAC pendiente de revisión; salida propan-2-ona, referencia propan-2-one"",""stereoKind"":""""}"
"HC-073","butan-2-ona","cetonas","https://pubchem.ncbi.nlm.nih.gov/rest/pug/compound/smiles/CCC(%3DO)C/property/IUPACName,MolecularFormula,CanonicalSMILES,IsomericSMILES/JSON","","butan-2-one","CCC(=O)C","butan-2-ona","C4H8O","C₄H₈O","CCC(C)=O","PARTIAL","","{""invariants"":{""A_formula"":true,""B_heavyAtoms"":true,""C_carbons"":true,""D_bonds"":true,""E_rings"":true,""F_formalCharges"":true,""G_tetrahedralStereo"":true,""H_graphIsomorphism"":true},""canonicalGraphIDCodeInput"":""gJQ@@dru@@"",""canonicalGraphIDCodeRoundTrip"":""gJQ@@dru@@"",""before"":{""atoms"":5,""carbons"":4,""bonds"":4,""rings"":0,""formula"":""C₄H₈O"",""formulaAscii"":""C4H8O""},""after"":{""atoms"":5,""carbons"":4,""bonds"":4,""rings"":0,""formula"":""C₄H₈O"",""formulaAscii"":""C4H8O""},""layoutAtoms"":5,""pubchemSynonymMatch"":null,""nameReview"":""PARTIAL: equivalencia IUPAC pendiente de revisión; salida butan-2-ona, referencia butan-2-one"",""stereoKind"":""""}"
"HC-074","pentan-2-ona","cetonas","https://pubchem.ncbi.nlm.nih.gov/rest/pug/compound/smiles/CCCC(%3DO)C/property/IUPACName,MolecularFormula,CanonicalSMILES,IsomericSMILES/JSON","","pentan-2-one","CCCC(=O)C","pentan-2-ona","C5H10O","C₅H₁₀O","CCCC(C)=O","PARTIAL","","{""invariants"":{""A_formula"":true,""B_heavyAtoms"":true,""C_carbons"":true,""D_bonds"":true,""E_rings"":true,""F_formalCharges"":true,""G_tetrahedralStereo"":true,""H_graphIsomorphism"":true},""canonicalGraphIDCodeInput"":""gGQ@@dsmT@@"",""canonicalGraphIDCodeRoundTrip"":""gGQ@@dsmT@@"",""before"":{""atoms"":6,""carbons"":5,""bonds"":5,""rings"":0,""formula"":""C₅H₁₀O"",""formulaAscii"":""C5H10O""},""after"":{""atoms"":6,""carbons"":5,""bonds"":5,""rings"":0,""formula"":""C₅H₁₀O"",""formulaAscii"":""C5H10O""},""layoutAtoms"":6,""pubchemSynonymMatch"":null,""nameReview"":""PARTIAL: equivalencia IUPAC pendiente de revisión; salida pentan-2-ona, referencia pentan-2-one"",""stereoKind"":""""}"
"HC-075","pentan-3-ona","cetonas","https://pubchem.ncbi.nlm.nih.gov/rest/pug/compound/smiles/CCC(%3DO)CC/property/IUPACName,MolecularFormula,CanonicalSMILES,IsomericSMILES/JSON","","pentan-3-one","CCC(=O)CC","pentan-3-ona","C5H10O","C₅H₁₀O","CCC(CC)=O","PARTIAL","","{""invariants"":{""A_formula"":true,""B_heavyAtoms"":true,""C_carbons"":true,""D_bonds"":true,""E_rings"":true,""F_formalCharges"":true,""G_tetrahedralStereo"":true,""H_graphIsomorphism"":true},""canonicalGraphIDCodeInput"":""gGQ@@drmT@@"",""canonicalGraphIDCodeRoundTrip"":""gGQ@@drmT@@"",""before"":{""atoms"":6,""carbons"":5,""bonds"":5,""rings"":0,""formula"":""C₅H₁₀O"",""formulaAscii"":""C5H10O""},""after"":{""atoms"":6,""carbons"":5,""bonds"":5,""rings"":0,""formula"":""C₅H₁₀O"",""formulaAscii"":""C5H10O""},""layoutAtoms"":6,""pubchemSynonymMatch"":null,""nameReview"":""PARTIAL: equivalencia IUPAC pendiente de revisión; salida pentan-3-ona, referencia pentan-3-one"",""stereoKind"":""""}"
"HC-076","3-metilbutan-2-ona","cetonas","https://pubchem.ncbi.nlm.nih.gov/rest/pug/compound/smiles/CC(%3DO)C(C)C/property/IUPACName,MolecularFormula,CanonicalSMILES,IsomericSMILES/JSON","","3-methylbutan-2-one","CC(C)C(=O)C","3-metilbutan-2-ona","C5H10O","C₅H₁₀O","CC(C)C(C)=O","PARTIAL","","{""invariants"":{""A_formula"":true,""B_heavyAtoms"":true,""C_carbons"":true,""D_bonds"":true,""E_rings"":true,""F_formalCharges"":true,""G_tetrahedralStereo"":true,""H_graphIsomorphism"":true},""canonicalGraphIDCodeInput"":""gGQ@@dsMT@@"",""canonicalGraphIDCodeRoundTrip"":""gGQ@@dsMT@@"",""before"":{""atoms"":6,""carbons"":5,""bonds"":5,""rings"":0,""formula"":""C₅H₁₀O"",""formulaAscii"":""C5H10O""},""after"":{""atoms"":6,""carbons"":5,""bonds"":5,""rings"":0,""formula"":""C₅H₁₀O"",""formulaAscii"":""C5H10O""},""layoutAtoms"":6,""pubchemSynonymMatch"":null,""nameReview"":""PARTIAL: equivalencia IUPAC pendiente de revisión; salida 3-metilbutan-2-ona, referencia 3-methylbutan-2-one"",""stereoKind"":""""}"
"HC-077","3-oxobutanal","varios grupos funcionales","https://pubchem.ncbi.nlm.nih.gov/rest/pug/compound/smiles/O%3DCCC(C)%3DO/property/IUPACName,MolecularFormula,CanonicalSMILES,IsomericSMILES/JSON","","3-oxobutanal","CC(=O)CC=O","3-oxobutanal","C4H6O2","C₄H₆O₂","CC(CC=O)=O","PASS","","{""invariants"":{""A_formula"":true,""B_heavyAtoms"":true,""C_carbons"":true,""D_bonds"":true,""E_rings"":true,""F_formalCharges"":true,""G_tetrahedralStereo"":true,""H_graphIsomorphism"":true},""canonicalGraphIDCodeInput"":""gGP`ATf]jP@"",""canonicalGraphIDCodeRoundTrip"":""gGP`ATf]jP@"",""before"":{""atoms"":6,""carbons"":4,""bonds"":5,""rings"":0,""formula"":""C₄H₆O₂"",""formulaAscii"":""C4H6O2""},""after"":{""atoms"":6,""carbons"":4,""bonds"":5,""rings"":0,""formula"":""C₄H₆O₂"",""formulaAscii"":""C4H6O2""},""layoutAtoms"":6,""pubchemSynonymMatch"":""3-oxobutanal"",""nameReview"":""Nombre publicado por PubChem como sinónimo alternativo: 3-oxobutanal; su carácter IUPAC o común requiere interpretación nomenclatural."",""stereoKind"":""""}"
"HC-078","hexan-2-ona","cetonas","https://pubchem.ncbi.nlm.nih.gov/rest/pug/compound/smiles/CCCCC(%3DO)C/property/IUPACName,MolecularFormula,CanonicalSMILES,IsomericSMILES/JSON","","hexan-2-one","CCCCC(=O)C","hexan-2-ona","C6H12O","C₆H₁₂O","CCCCC(C)=O","PARTIAL","","{""invariants"":{""A_formula"":true,""B_heavyAtoms"":true,""C_carbons"":true,""D_bonds"":true,""E_rings"":true,""F_formalCharges"":true,""G_tetrahedralStereo"":true,""H_graphIsomorphism"":true},""canonicalGraphIDCodeInput"":""gNq@@dskUP@"",""canonicalGraphIDCodeRoundTrip"":""gNq@@dskUP@"",""before"":{""atoms"":7,""carbons"":6,""bonds"":6,""rings"":0,""formula"":""C₆H₁₂O"",""formulaAscii"":""C6H12O""},""after"":{""atoms"":7,""carbons"":6,""bonds"":6,""rings"":0,""formula"":""C₆H₁₂O"",""formulaAscii"":""C6H12O""},""layoutAtoms"":7,""pubchemSynonymMatch"":null,""nameReview"":""PARTIAL: equivalencia IUPAC pendiente de revisión; salida hexan-2-ona, referencia hexan-2-one"",""stereoKind"":""""}"
"HC-079","hexan-3-ona","cetonas","https://pubchem.ncbi.nlm.nih.gov/rest/pug/compound/smiles/CCC(%3DO)CCC/property/IUPACName,MolecularFormula,CanonicalSMILES,IsomericSMILES/JSON","","hexan-3-one","CCCC(=O)CC","hexan-3-ona","C6H12O","C₆H₁₂O","CCCC(CC)=O","PARTIAL","","{""invariants"":{""A_formula"":true,""B_heavyAtoms"":true,""C_carbons"":true,""D_bonds"":true,""E_rings"":true,""F_formalCharges"":true,""G_tetrahedralStereo"":true,""H_graphIsomorphism"":true},""canonicalGraphIDCodeInput"":""gNq@@drkUP@"",""canonicalGraphIDCodeRoundTrip"":""gNq@@drkUP@"",""before"":{""atoms"":7,""carbons"":6,""bonds"":6,""rings"":0,""formula"":""C₆H₁₂O"",""formulaAscii"":""C6H12O""},""after"":{""atoms"":7,""carbons"":6,""bonds"":6,""rings"":0,""formula"":""C₆H₁₂O"",""formulaAscii"":""C6H12O""},""layoutAtoms"":7,""pubchemSynonymMatch"":null,""nameReview"":""PARTIAL: equivalencia IUPAC pendiente de revisión; salida hexan-3-ona, referencia hexan-3-one"",""stereoKind"":""""}"
"HC-080","ácido metanoico","ácidos carboxílicos","https://pubchem.ncbi.nlm.nih.gov/rest/pug/compound/smiles/O%3DCO/property/IUPACName,MolecularFormula,CanonicalSMILES,IsomericSMILES/JSON","formic acid","formic acid","C(=O)O","ácido metanoico","CH2O2","C₁H₂O₂","OC=O","PARTIAL","","{""invariants"":{""A_formula"":true,""B_heavyAtoms"":true,""C_carbons"":true,""D_bonds"":true,""E_rings"":true,""F_formalCharges"":true,""G_tetrahedralStereo"":true,""H_graphIsomorphism"":true},""canonicalGraphIDCodeInput"":""eMDARV@"",""canonicalGraphIDCodeRoundTrip"":""eMDARV@"",""before"":{""atoms"":3,""carbons"":1,""bonds"":2,""rings"":0,""formula"":""C₁H₂O₂"",""formulaAscii"":""CH2O2""},""after"":{""atoms"":3,""carbons"":1,""bonds"":2,""rings"":0,""formula"":""C₁H₂O₂"",""formulaAscii"":""CH2O2""},""layoutAtoms"":3,""pubchemSynonymMatch"":null,""nameReview"":""PARTIAL: equivalencia IUPAC pendiente de revisión; salida ácido metanoico, referencia formic acid"",""stereoKind"":""""}"
"HC-081","ácido etanoico","ácidos carboxílicos","https://pubchem.ncbi.nlm.nih.gov/rest/pug/compound/smiles/CC(%3DO)O/property/IUPACName,MolecularFormula,CanonicalSMILES,IsomericSMILES/JSON","acetic acid","acetic acid","CC(=O)O","ácido etanoico","C2H4O2","C₂H₄O₂","CC(O)=O","PARTIAL","","{""invariants"":{""A_formula"":true,""B_heavyAtoms"":true,""C_carbons"":true,""D_bonds"":true,""E_rings"":true,""F_formalCharges"":true,""G_tetrahedralStereo"":true,""H_graphIsomorphism"":true},""canonicalGraphIDCodeInput"":""gC``@dfZ@@"",""canonicalGraphIDCodeRoundTrip"":""gC``@dfZ@@"",""before"":{""atoms"":4,""carbons"":2,""bonds"":3,""rings"":0,""formula"":""C₂H₄O₂"",""formulaAscii"":""C2H4O2""},""after"":{""atoms"":4,""carbons"":2,""bonds"":3,""rings"":0,""formula"":""C₂H₄O₂"",""formulaAscii"":""C2H4O2""},""layoutAtoms"":4,""pubchemSynonymMatch"":null,""nameReview"":""PARTIAL: equivalencia IUPAC pendiente de revisión; salida ácido etanoico, referencia acetic acid"",""stereoKind"":""""}"
"HC-082","ácido propanoico","ácidos carboxílicos","https://pubchem.ncbi.nlm.nih.gov/rest/pug/compound/smiles/CCC(%3DO)O/property/IUPACName,MolecularFormula,CanonicalSMILES,IsomericSMILES/JSON","","propanoic acid","CCC(=O)O","ácido propanoico","C3H6O2","C₃H₆O₂","CCC(O)=O","PARTIAL","","{""invariants"":{""A_formula"":true,""B_heavyAtoms"":true,""C_carbons"":true,""D_bonds"":true,""E_rings"":true,""F_formalCharges"":true,""G_tetrahedralStereo"":true,""H_graphIsomorphism"":true},""canonicalGraphIDCodeInput"":""gJP`@dfvh@"",""canonicalGraphIDCodeRoundTrip"":""gJP`@dfvh@"",""before"":{""atoms"":5,""carbons"":3,""bonds"":4,""rings"":0,""formula"":""C₃H₆O₂"",""formulaAscii"":""C3H6O2""},""after"":{""atoms"":5,""carbons"":3,""bonds"":4,""rings"":0,""formula"":""C₃H₆O₂"",""formulaAscii"":""C3H6O2""},""layoutAtoms"":5,""pubchemSynonymMatch"":null,""nameReview"":""PARTIAL: equivalencia IUPAC pendiente de revisión; salida ácido propanoico, referencia propanoic acid"",""stereoKind"":""""}"
"HC-083","ácido 2-metilpropanoico","ácidos carboxílicos","https://pubchem.ncbi.nlm.nih.gov/rest/pug/compound/smiles/CC(C)C(%3DO)O/property/IUPACName,MolecularFormula,CanonicalSMILES,IsomericSMILES/JSON","","2-methylpropanoic acid","CC(C)C(=O)O","ácido 2-metilpropanoico","C4H8O2","C₄H₈O₂","CC(C)C(O)=O","PARTIAL","","{""invariants"":{""A_formula"":true,""B_heavyAtoms"":true,""C_carbons"":true,""D_bonds"":true,""E_rings"":true,""F_formalCharges"":true,""G_tetrahedralStereo"":true,""H_graphIsomorphism"":true},""canonicalGraphIDCodeInput"":""gGP`@dfyj`@"",""canonicalGraphIDCodeRoundTrip"":""gGP`@dfyj`@"",""before"":{""atoms"":6,""carbons"":4,""bonds"":5,""rings"":0,""formula"":""C₄H₈O₂"",""formulaAscii"":""C4H8O2""},""after"":{""atoms"":6,""carbons"":4,""bonds"":5,""rings"":0,""formula"":""C₄H₈O₂"",""formulaAscii"":""C4H8O2""},""layoutAtoms"":6,""pubchemSynonymMatch"":null,""nameReview"":""PARTIAL: equivalencia IUPAC pendiente de revisión; salida ácido 2-metilpropanoico, referencia 2-methylpropanoic acid"",""stereoKind"":""""}"
"HC-084","ácido ciclohexanocarboxílico","ácidos carboxílicos","https://pubchem.ncbi.nlm.nih.gov/rest/pug/compound/smiles/O%3DC(O)C1CCCCC1/property/IUPACName,MolecularFormula,CanonicalSMILES,IsomericSMILES/JSON","","cyclohexanecarboxylic acid","C1CCC(CC1)C(=O)O","ácido ciclohexanocarboxílico","C7H12O2","C₇H₁₂O₂","OC(C1CCCCC1)=O","PARTIAL","","{""invariants"":{""A_formula"":true,""B_heavyAtoms"":true,""C_carbons"":true,""D_bonds"":true,""E_rings"":true,""F_formalCharges"":true,""G_tetrahedralStereo"":true,""H_graphIsomorphism"":true},""canonicalGraphIDCodeInput"":""didD@@QInUxVjj`@"",""canonicalGraphIDCodeRoundTrip"":""didD@@QInUxVjj`@"",""before"":{""atoms"":9,""carbons"":7,""bonds"":9,""rings"":1,""formula"":""C₇H₁₂O₂"",""formulaAscii"":""C7H12O2""},""after"":{""atoms"":9,""carbons"":7,""bonds"":9,""rings"":1,""formula"":""C₇H₁₂O₂"",""formulaAscii"":""C7H12O2""},""layoutAtoms"":9,""pubchemSynonymMatch"":null,""nameReview"":""PARTIAL: equivalencia IUPAC pendiente de revisión; salida ácido ciclohexanocarboxílico, referencia cyclohexanecarboxylic acid"",""stereoKind"":""""}"
"HC-085","ácido butanoico","ácidos carboxílicos","https://pubchem.ncbi.nlm.nih.gov/rest/pug/compound/smiles/CCCC(%3DO)O/property/IUPACName,MolecularFormula,CanonicalSMILES,IsomericSMILES/JSON","","butanoic acid","CCCC(=O)O","ácido butanoico","C4H8O2","C₄H₈O₂","CCCC(O)=O","PARTIAL","","{""invariants"":{""A_formula"":true,""B_heavyAtoms"":true,""C_carbons"":true,""D_bonds"":true,""E_rings"":true,""F_formalCharges"":true,""G_tetrahedralStereo"":true,""H_graphIsomorphism"":true},""canonicalGraphIDCodeInput"":""gGP`@dfuj`@"",""canonicalGraphIDCodeRoundTrip"":""gGP`@dfuj`@"",""before"":{""atoms"":6,""carbons"":4,""bonds"":5,""rings"":0,""formula"":""C₄H₈O₂"",""formulaAscii"":""C4H8O2""},""after"":{""atoms"":6,""carbons"":4,""bonds"":5,""rings"":0,""formula"":""C₄H₈O₂"",""formulaAscii"":""C4H8O2""},""layoutAtoms"":6,""pubchemSynonymMatch"":null,""nameReview"":""PARTIAL: equivalencia IUPAC pendiente de revisión; salida ácido butanoico, referencia butanoic acid"",""stereoKind"":""""}"
"HC-086","ácido pentanoico","ácidos carboxílicos","https://pubchem.ncbi.nlm.nih.gov/rest/pug/compound/smiles/CCCCC(%3DO)O/property/IUPACName,MolecularFormula,CanonicalSMILES,IsomericSMILES/JSON","","pentanoic acid","CCCCC(=O)O","ácido pentanoico","C5H10O2","C₅H₁₀O₂","CCCCC(O)=O","PARTIAL","","{""invariants"":{""A_formula"":true,""B_heavyAtoms"":true,""C_carbons"":true,""D_bonds"":true,""E_rings"":true,""F_formalCharges"":true,""G_tetrahedralStereo"":true,""H_graphIsomorphism"":true},""canonicalGraphIDCodeInput"":""gNp`@dfuZj@@"",""canonicalGraphIDCodeRoundTrip"":""gNp`@dfuZj@@"",""before"":{""atoms"":7,""carbons"":5,""bonds"":6,""rings"":0,""formula"":""C₅H₁₀O₂"",""formulaAscii"":""C5H10O2""},""after"":{""atoms"":7,""carbons"":5,""bonds"":6,""rings"":0,""formula"":""C₅H₁₀O₂"",""formulaAscii"":""C5H10O2""},""layoutAtoms"":7,""pubchemSynonymMatch"":null,""nameReview"":""PARTIAL: equivalencia IUPAC pendiente de revisión; salida ácido pentanoico, referencia pentanoic acid"",""stereoKind"":""""}"
"HC-087","metoximetano","éteres","https://pubchem.ncbi.nlm.nih.gov/rest/pug/compound/smiles/COC/property/IUPACName,MolecularFormula,CanonicalSMILES,IsomericSMILES/JSON","DIMETHYL ETHER","methoxymethane","COC","metoximetano","C2H6O","C₂H₆O","COC","PARTIAL","","{""invariants"":{""A_formula"":true,""B_heavyAtoms"":true,""C_carbons"":true,""D_bonds"":true,""E_rings"":true,""F_formalCharges"":true,""G_tetrahedralStereo"":true,""H_graphIsomorphism"":true},""canonicalGraphIDCodeInput"":""eMHBN`@"",""canonicalGraphIDCodeRoundTrip"":""eMHBN`@"",""before"":{""atoms"":3,""carbons"":2,""bonds"":2,""rings"":0,""formula"":""C₂H₆O"",""formulaAscii"":""C2H6O""},""after"":{""atoms"":3,""carbons"":2,""bonds"":2,""rings"":0,""formula"":""C₂H₆O"",""formulaAscii"":""C2H6O""},""layoutAtoms"":3,""pubchemSynonymMatch"":null,""nameReview"":""PARTIAL: equivalencia IUPAC pendiente de revisión; salida metoximetano, referencia methoxymethane"",""stereoKind"":""""}"
"HC-088","metoxietano","éteres","https://pubchem.ncbi.nlm.nih.gov/rest/pug/compound/smiles/COCC/property/IUPACName,MolecularFormula,CanonicalSMILES,IsomericSMILES/JSON","","methoxyethane","CCOC","metoxietano","C3H8O","C₃H₈O","CCOC","PARTIAL","","{""invariants"":{""A_formula"":true,""B_heavyAtoms"":true,""C_carbons"":true,""D_bonds"":true,""E_rings"":true,""F_formalCharges"":true,""G_tetrahedralStereo"":true,""H_graphIsomorphism"":true},""canonicalGraphIDCodeInput"":""gCa@@eMP@"",""canonicalGraphIDCodeRoundTrip"":""gCa@@eMP@"",""before"":{""atoms"":4,""carbons"":3,""bonds"":3,""rings"":0,""formula"":""C₃H₈O"",""formulaAscii"":""C3H8O""},""after"":{""atoms"":4,""carbons"":3,""bonds"":3,""rings"":0,""formula"":""C₃H₈O"",""formulaAscii"":""C3H8O""},""layoutAtoms"":4,""pubchemSynonymMatch"":null,""nameReview"":""PARTIAL: equivalencia IUPAC pendiente de revisión; salida metoxietano, referencia methoxyethane"",""stereoKind"":""""}"
"HC-089","etoxietano","éteres","https://pubchem.ncbi.nlm.nih.gov/rest/pug/compound/smiles/CCOCC/property/IUPACName,MolecularFormula,CanonicalSMILES,IsomericSMILES/JSON","","ethoxyethane","CCOCC","etoxietano","C4H10O","C₄H₁₀O","CCOCC","PARTIAL","","{""invariants"":{""A_formula"":true,""B_heavyAtoms"":true,""C_carbons"":true,""D_bonds"":true,""E_rings"":true,""F_formalCharges"":true,""G_tetrahedralStereo"":true,""H_graphIsomorphism"":true},""canonicalGraphIDCodeInput"":""gJQ@@eKU@@"",""canonicalGraphIDCodeRoundTrip"":""gJQ@@eKU@@"",""before"":{""atoms"":5,""carbons"":4,""bonds"":4,""rings"":0,""formula"":""C₄H₁₀O"",""formulaAscii"":""C4H10O""},""after"":{""atoms"":5,""carbons"":4,""bonds"":4,""rings"":0,""formula"":""C₄H₁₀O"",""formulaAscii"":""C4H10O""},""layoutAtoms"":5,""pubchemSynonymMatch"":null,""nameReview"":""PARTIAL: equivalencia IUPAC pendiente de revisión; salida etoxietano, referencia ethoxyethane"",""stereoKind"":""""}"
"HC-090","1-metoxipropano","éteres","https://pubchem.ncbi.nlm.nih.gov/rest/pug/compound/smiles/COCCC/property/IUPACName,MolecularFormula,CanonicalSMILES,IsomericSMILES/JSON","","1-methoxypropane","CCCOC","1-metoxipropano","C4H10O","C₄H₁₀O","CCCOC","PARTIAL","","{""invariants"":{""A_formula"":true,""B_heavyAtoms"":true,""C_carbons"":true,""D_bonds"":true,""E_rings"":true,""F_formalCharges"":true,""G_tetrahedralStereo"":true,""H_graphIsomorphism"":true},""canonicalGraphIDCodeInput"":""gJQ@@eOU@@"",""canonicalGraphIDCodeRoundTrip"":""gJQ@@eOU@@"",""before"":{""atoms"":5,""carbons"":4,""bonds"":4,""rings"":0,""formula"":""C₄H₁₀O"",""formulaAscii"":""C4H10O""},""after"":{""atoms"":5,""carbons"":4,""bonds"":4,""rings"":0,""formula"":""C₄H₁₀O"",""formulaAscii"":""C4H10O""},""layoutAtoms"":5,""pubchemSynonymMatch"":null,""nameReview"":""PARTIAL: equivalencia IUPAC pendiente de revisión; salida 1-metoxipropano, referencia 1-methoxypropane"",""stereoKind"":""""}"
"HC-091","2-metoxipropano","éteres","https://pubchem.ncbi.nlm.nih.gov/rest/pug/compound/smiles/COC(C)C/property/IUPACName,MolecularFormula,CanonicalSMILES,IsomericSMILES/JSON","","2-methoxypropane","CC(C)OC","2-metoxipropano","C4H10O","C₄H₁₀O","CC(C)OC","PARTIAL","","{""invariants"":{""A_formula"":true,""B_heavyAtoms"":true,""C_carbons"":true,""D_bonds"":true,""E_rings"":true,""F_formalCharges"":true,""G_tetrahedralStereo"":true,""H_graphIsomorphism"":true},""canonicalGraphIDCodeInput"":""gJQ@@eMU@@"",""canonicalGraphIDCodeRoundTrip"":""gJQ@@eMU@@"",""before"":{""atoms"":5,""carbons"":4,""bonds"":4,""rings"":0,""formula"":""C₄H₁₀O"",""formulaAscii"":""C4H10O""},""after"":{""atoms"":5,""carbons"":4,""bonds"":4,""rings"":0,""formula"":""C₄H₁₀O"",""formulaAscii"":""C4H10O""},""layoutAtoms"":5,""pubchemSynonymMatch"":null,""nameReview"":""PARTIAL: equivalencia IUPAC pendiente de revisión; salida 2-metoxipropano, referencia 2-methoxypropane"",""stereoKind"":""""}"
"HC-092","1-metoxibutano","éteres","https://pubchem.ncbi.nlm.nih.gov/rest/pug/compound/smiles/COCCCC/property/IUPACName,MolecularFormula,CanonicalSMILES,IsomericSMILES/JSON","","1-methoxybutane","CCCCOC","1-metoxibutano","C5H12O","C₅H₁₂O","CCCCOC","PARTIAL","","{""invariants"":{""A_formula"":true,""B_heavyAtoms"":true,""C_carbons"":true,""D_bonds"":true,""E_rings"":true,""F_formalCharges"":true,""G_tetrahedralStereo"":true,""H_graphIsomorphism"":true},""canonicalGraphIDCodeInput"":""gGQ@@eNuT@@"",""canonicalGraphIDCodeRoundTrip"":""gGQ@@eNuT@@"",""before"":{""atoms"":6,""carbons"":5,""bonds"":5,""rings"":0,""formula"":""C₅H₁₂O"",""formulaAscii"":""C5H12O""},""after"":{""atoms"":6,""carbons"":5,""bonds"":5,""rings"":0,""formula"":""C₅H₁₂O"",""formulaAscii"":""C5H12O""},""layoutAtoms"":6,""pubchemSynonymMatch"":null,""nameReview"":""PARTIAL: equivalencia IUPAC pendiente de revisión; salida 1-metoxibutano, referencia 1-methoxybutane"",""stereoKind"":""""}"
"HC-093","metanoato de metilo","ésteres","https://pubchem.ncbi.nlm.nih.gov/rest/pug/compound/smiles/COC%3DO/property/IUPACName,MolecularFormula,CanonicalSMILES,IsomericSMILES/JSON","METHYL FORMATE","methyl formate","COC=O","metanoato de metilo","C2H4O2","C₂H₄O₂","COC=O","PARTIAL","","{""invariants"":{""A_formula"":true,""B_heavyAtoms"":true,""C_carbons"":true,""D_bonds"":true,""E_rings"":true,""F_formalCharges"":true,""G_tetrahedralStereo"":true,""H_graphIsomorphism"":true},""canonicalGraphIDCodeInput"":""gC``@deZ@@"",""canonicalGraphIDCodeRoundTrip"":""gC``@deZ@@"",""before"":{""atoms"":4,""carbons"":2,""bonds"":3,""rings"":0,""formula"":""C₂H₄O₂"",""formulaAscii"":""C2H4O2""},""after"":{""atoms"":4,""carbons"":2,""bonds"":3,""rings"":0,""formula"":""C₂H₄O₂"",""formulaAscii"":""C2H4O2""},""layoutAtoms"":4,""pubchemSynonymMatch"":null,""nameReview"":""PARTIAL: equivalencia IUPAC pendiente de revisión; salida metanoato de metilo, referencia methyl formate"",""stereoKind"":""""}"
"HC-094","etanoato de metilo","ésteres","https://pubchem.ncbi.nlm.nih.gov/rest/pug/compound/smiles/CC(%3DO)OC/property/IUPACName,MolecularFormula,CanonicalSMILES,IsomericSMILES/JSON","METHYL ACETATE","methyl acetate","CC(=O)OC","etanoato de metilo","C3H6O2","C₃H₆O₂","CC(OC)=O","PARTIAL","","{""invariants"":{""A_formula"":true,""B_heavyAtoms"":true,""C_carbons"":true,""D_bonds"":true,""E_rings"":true,""F_formalCharges"":true,""G_tetrahedralStereo"":true,""H_graphIsomorphism"":true},""canonicalGraphIDCodeInput"":""gJP`@dfVh@"",""canonicalGraphIDCodeRoundTrip"":""gJP`@dfVh@"",""before"":{""atoms"":5,""carbons"":3,""bonds"":4,""rings"":0,""formula"":""C₃H₆O₂"",""formulaAscii"":""C3H6O2""},""after"":{""atoms"":5,""carbons"":3,""bonds"":4,""rings"":0,""formula"":""C₃H₆O₂"",""formulaAscii"":""C3H6O2""},""layoutAtoms"":5,""pubchemSynonymMatch"":null,""nameReview"":""PARTIAL: equivalencia IUPAC pendiente de revisión; salida etanoato de metilo, referencia methyl acetate"",""stereoKind"":""""}"
"HC-095","etanoato de etilo","ésteres","https://pubchem.ncbi.nlm.nih.gov/rest/pug/compound/smiles/CC(%3DO)OCC/property/IUPACName,MolecularFormula,CanonicalSMILES,IsomericSMILES/JSON","ETHYL ACETATE","ethyl acetate","CCOC(=O)C","etanoato de etilo","C4H8O2","C₄H₈O₂","CCOC(C)=O","PARTIAL","","{""invariants"":{""A_formula"":true,""B_heavyAtoms"":true,""C_carbons"":true,""D_bonds"":true,""E_rings"":true,""F_formalCharges"":true,""G_tetrahedralStereo"":true,""H_graphIsomorphism"":true},""canonicalGraphIDCodeInput"":""gGP`@df]j`@"",""canonicalGraphIDCodeRoundTrip"":""gGP`@df]j`@"",""before"":{""atoms"":6,""carbons"":4,""bonds"":5,""rings"":0,""formula"":""C₄H₈O₂"",""formulaAscii"":""C4H8O2""},""after"":{""atoms"":6,""carbons"":4,""bonds"":5,""rings"":0,""formula"":""C₄H₈O₂"",""formulaAscii"":""C4H8O2""},""layoutAtoms"":6,""pubchemSynonymMatch"":null,""nameReview"":""PARTIAL: equivalencia IUPAC pendiente de revisión; salida etanoato de etilo, referencia ethyl acetate"",""stereoKind"":""""}"
"HC-096","propanoato de metilo","ésteres","https://pubchem.ncbi.nlm.nih.gov/rest/pug/compound/smiles/CCC(%3DO)OC/property/IUPACName,MolecularFormula,CanonicalSMILES,IsomericSMILES/JSON","","methyl propanoate","CCC(=O)OC","propanoato de metilo","C4H8O2","C₄H₈O₂","CCC(OC)=O","PARTIAL","","{""invariants"":{""A_formula"":true,""B_heavyAtoms"":true,""C_carbons"":true,""D_bonds"":true,""E_rings"":true,""F_formalCharges"":true,""G_tetrahedralStereo"":true,""H_graphIsomorphism"":true},""canonicalGraphIDCodeInput"":""gGP`@dfUj`@"",""canonicalGraphIDCodeRoundTrip"":""gGP`@dfUj`@"",""before"":{""atoms"":6,""carbons"":4,""bonds"":5,""rings"":0,""formula"":""C₄H₈O₂"",""formulaAscii"":""C4H8O2""},""after"":{""atoms"":6,""carbons"":4,""bonds"":5,""rings"":0,""formula"":""C₄H₈O₂"",""formulaAscii"":""C4H8O2""},""layoutAtoms"":6,""pubchemSynonymMatch"":null,""nameReview"":""PARTIAL: equivalencia IUPAC pendiente de revisión; salida propanoato de metilo, referencia methyl propanoate"",""stereoKind"":""""}"
"HC-097","butanoato de metilo","ésteres","https://pubchem.ncbi.nlm.nih.gov/rest/pug/compound/smiles/CCCC(%3DO)OC/property/IUPACName,MolecularFormula,CanonicalSMILES,IsomericSMILES/JSON","","methyl butanoate","CCCC(=O)OC","butanoato de metilo","C5H10O2","C₅H₁₀O₂","CCCC(OC)=O","PARTIAL","","{""invariants"":{""A_formula"":true,""B_heavyAtoms"":true,""C_carbons"":true,""D_bonds"":true,""E_rings"":true,""F_formalCharges"":true,""G_tetrahedralStereo"":true,""H_graphIsomorphism"":true},""canonicalGraphIDCodeInput"":""gNp`@dfWZj@@"",""canonicalGraphIDCodeRoundTrip"":""gNp`@dfWZj@@"",""before"":{""atoms"":7,""carbons"":5,""bonds"":6,""rings"":0,""formula"":""C₅H₁₀O₂"",""formulaAscii"":""C5H10O2""},""after"":{""atoms"":7,""carbons"":5,""bonds"":6,""rings"":0,""formula"":""C₅H₁₀O₂"",""formulaAscii"":""C5H10O2""},""layoutAtoms"":7,""pubchemSynonymMatch"":null,""nameReview"":""PARTIAL: equivalencia IUPAC pendiente de revisión; salida butanoato de metilo, referencia methyl butanoate"",""stereoKind"":""""}"
"HC-098","propanoato de etilo","ésteres","https://pubchem.ncbi.nlm.nih.gov/rest/pug/compound/smiles/CCC(%3DO)OCC/property/IUPACName,MolecularFormula,CanonicalSMILES,IsomericSMILES/JSON","","ethyl propanoate","CCC(=O)OCC","propanoato de etilo","C5H10O2","C₅H₁₀O₂","CCC(OCC)=O","PARTIAL","","{""invariants"":{""A_formula"":true,""B_heavyAtoms"":true,""C_carbons"":true,""D_bonds"":true,""E_rings"":true,""F_formalCharges"":true,""G_tetrahedralStereo"":true,""H_graphIsomorphism"":true},""canonicalGraphIDCodeInput"":""gNp`@dfUZj@@"",""canonicalGraphIDCodeRoundTrip"":""gNp`@dfUZj@@"",""before"":{""atoms"":7,""carbons"":5,""bonds"":6,""rings"":0,""formula"":""C₅H₁₀O₂"",""formulaAscii"":""C5H10O2""},""after"":{""atoms"":7,""carbons"":5,""bonds"":6,""rings"":0,""formula"":""C₅H₁₀O₂"",""formulaAscii"":""C5H10O2""},""layoutAtoms"":7,""pubchemSynonymMatch"":null,""nameReview"":""PARTIAL: equivalencia IUPAC pendiente de revisión; salida propanoato de etilo, referencia ethyl propanoate"",""stereoKind"":""""}"
"HC-099","metanamina","aminas","https://pubchem.ncbi.nlm.nih.gov/rest/pug/compound/smiles/CN/property/IUPACName,MolecularFormula,CanonicalSMILES,IsomericSMILES/JSON","","methanamine","CN","metanamina","CH5N","C₁H₅N","CN","PARTIAL","","{""invariants"":{""A_formula"":true,""B_heavyAtoms"":true,""C_carbons"":true,""D_bonds"":true,""E_rings"":true,""F_formalCharges"":true,""G_tetrahedralStereo"":true,""H_graphIsomorphism"":true},""canonicalGraphIDCodeInput"":""eF`BL@"",""canonicalGraphIDCodeRoundTrip"":""eF`BL@"",""before"":{""atoms"":2,""carbons"":1,""bonds"":1,""rings"":0,""formula"":""C₁H₅N"",""formulaAscii"":""CH5N""},""after"":{""atoms"":2,""carbons"":1,""bonds"":1,""rings"":0,""formula"":""C₁H₅N"",""formulaAscii"":""CH5N""},""layoutAtoms"":2,""pubchemSynonymMatch"":null,""nameReview"":""PARTIAL: equivalencia IUPAC pendiente de revisión; salida metanamina, referencia methanamine"",""stereoKind"":""""}"
"HC-100","etanamina","aminas","https://pubchem.ncbi.nlm.nih.gov/rest/pug/compound/smiles/CCN/property/IUPACName,MolecularFormula,CanonicalSMILES,IsomericSMILES/JSON","","ethanamine","CCN","etanamina","C2H7N","C₂H₇N","CCN","PARTIAL","","{""invariants"":{""A_formula"":true,""B_heavyAtoms"":true,""C_carbons"":true,""D_bonds"":true,""E_rings"":true,""F_formalCharges"":true,""G_tetrahedralStereo"":true,""H_graphIsomorphism"":true},""canonicalGraphIDCodeInput"":""eM`AIh@"",""canonicalGraphIDCodeRoundTrip"":""eM`AIh@"",""before"":{""atoms"":3,""carbons"":2,""bonds"":2,""rings"":0,""formula"":""C₂H₇N"",""formulaAscii"":""C2H7N""},""after"":{""atoms"":3,""carbons"":2,""bonds"":2,""rings"":0,""formula"":""C₂H₇N"",""formulaAscii"":""C2H7N""},""layoutAtoms"":3,""pubchemSynonymMatch"":null,""nameReview"":""PARTIAL: equivalencia IUPAC pendiente de revisión; salida etanamina, referencia ethanamine"",""stereoKind"":""""}"
"HC-101","propan-1-amina","aminas","https://pubchem.ncbi.nlm.nih.gov/rest/pug/compound/smiles/CCCN/property/IUPACName,MolecularFormula,CanonicalSMILES,IsomericSMILES/JSON","","propan-1-amine","CCCN","propan-1-amina","C3H9N","C₃H₉N","CCCN","PARTIAL","","{""invariants"":{""A_formula"":true,""B_heavyAtoms"":true,""C_carbons"":true,""D_bonds"":true,""E_rings"":true,""F_formalCharges"":true,""G_tetrahedralStereo"":true,""H_graphIsomorphism"":true},""canonicalGraphIDCodeInput"":""gCh@@dmP@"",""canonicalGraphIDCodeRoundTrip"":""gCh@@dmP@"",""before"":{""atoms"":4,""carbons"":3,""bonds"":3,""rings"":0,""formula"":""C₃H₉N"",""formulaAscii"":""C3H9N""},""after"":{""atoms"":4,""carbons"":3,""bonds"":3,""rings"":0,""formula"":""C₃H₉N"",""formulaAscii"":""C3H9N""},""layoutAtoms"":4,""pubchemSynonymMatch"":null,""nameReview"":""PARTIAL: equivalencia IUPAC pendiente de revisión; salida propan-1-amina, referencia propan-1-amine"",""stereoKind"":""""}"
"HC-102","propan-2-amina","aminas","https://pubchem.ncbi.nlm.nih.gov/rest/pug/compound/smiles/CC(N)C/property/IUPACName,MolecularFormula,CanonicalSMILES,IsomericSMILES/JSON","","propan-2-amine","CC(C)N","propan-2-amina","C3H9N","C₃H₉N","CC(C)N","PARTIAL","","{""invariants"":{""A_formula"":true,""B_heavyAtoms"":true,""C_carbons"":true,""D_bonds"":true,""E_rings"":true,""F_formalCharges"":true,""G_tetrahedralStereo"":true,""H_graphIsomorphism"":true},""canonicalGraphIDCodeInput"":""gCh@@duP@"",""canonicalGraphIDCodeRoundTrip"":""gCh@@duP@"",""before"":{""atoms"":4,""carbons"":3,""bonds"":3,""rings"":0,""formula"":""C₃H₉N"",""formulaAscii"":""C3H9N""},""after"":{""atoms"":4,""carbons"":3,""bonds"":3,""rings"":0,""formula"":""C₃H₉N"",""formulaAscii"":""C3H9N""},""layoutAtoms"":4,""pubchemSynonymMatch"":null,""nameReview"":""PARTIAL: equivalencia IUPAC pendiente de revisión; salida propan-2-amina, referencia propan-2-amine"",""stereoKind"":""""}"
"HC-103","2-metilpropan-2-amina","aminas","https://pubchem.ncbi.nlm.nih.gov/rest/pug/compound/smiles/CC(C)(C)N/property/IUPACName,MolecularFormula,CanonicalSMILES,IsomericSMILES/JSON","","2-methylpropan-2-amine","CC(C)(C)N","2-metilpropan-2-amina","C4H11N","C₄H₁₁N","CC(C)(C)N","PARTIAL","","{""invariants"":{""A_formula"":true,""B_heavyAtoms"":true,""C_carbons"":true,""D_bonds"":true,""E_rings"":true,""F_formalCharges"":true,""G_tetrahedralStereo"":true,""H_graphIsomorphism"":true},""canonicalGraphIDCodeInput"":""gJX@@duU@@"",""canonicalGraphIDCodeRoundTrip"":""gJX@@duU@@"",""before"":{""atoms"":5,""carbons"":4,""bonds"":4,""rings"":0,""formula"":""C₄H₁₁N"",""formulaAscii"":""C4H11N""},""after"":{""atoms"":5,""carbons"":4,""bonds"":4,""rings"":0,""formula"":""C₄H₁₁N"",""formulaAscii"":""C4H11N""},""layoutAtoms"":5,""pubchemSynonymMatch"":null,""nameReview"":""PARTIAL: equivalencia IUPAC pendiente de revisión; salida 2-metilpropan-2-amina, referencia 2-methylpropan-2-amine"",""stereoKind"":""""}"
"HC-104","trimetilamina","aminas","https://pubchem.ncbi.nlm.nih.gov/rest/pug/compound/smiles/CN(C)C/property/IUPACName,MolecularFormula,CanonicalSMILES,IsomericSMILES/JSON","trimethylamine","N,N-dimethylmethanamine","CN(C)C","N,N-dimetilmetanamina","C3H9N","C₃H₉N","CN(C)C","PARTIAL","","{""invariants"":{""A_formula"":true,""B_heavyAtoms"":true,""C_carbons"":true,""D_bonds"":true,""E_rings"":true,""F_formalCharges"":true,""G_tetrahedralStereo"":true,""H_graphIsomorphism"":true},""canonicalGraphIDCodeInput"":""gCh@AGj@@"",""canonicalGraphIDCodeRoundTrip"":""gCh@AGj@@"",""before"":{""atoms"":4,""carbons"":3,""bonds"":3,""rings"":0,""formula"":""C₃H₉N"",""formulaAscii"":""C3H9N""},""after"":{""atoms"":4,""carbons"":3,""bonds"":3,""rings"":0,""formula"":""C₃H₉N"",""formulaAscii"":""C3H9N""},""layoutAtoms"":4,""pubchemSynonymMatch"":null,""nameReview"":""PARTIAL: equivalencia IUPAC pendiente de revisión; salida N,N-dimetilmetanamina, referencia N,N-dimethylmethanamine"",""stereoKind"":""""}"
"HC-105","butan-1-amina","aminas","https://pubchem.ncbi.nlm.nih.gov/rest/pug/compound/smiles/CCCCN/property/IUPACName,MolecularFormula,CanonicalSMILES,IsomericSMILES/JSON","","butan-1-amine","CCCCN","butan-1-amina","C4H11N","C₄H₁₁N","CCCCN","PARTIAL","","{""invariants"":{""A_formula"":true,""B_heavyAtoms"":true,""C_carbons"":true,""D_bonds"":true,""E_rings"":true,""F_formalCharges"":true,""G_tetrahedralStereo"":true,""H_graphIsomorphism"":true},""canonicalGraphIDCodeInput"":""gJX@@dkU@@"",""canonicalGraphIDCodeRoundTrip"":""gJX@@dkU@@"",""before"":{""atoms"":5,""carbons"":4,""bonds"":4,""rings"":0,""formula"":""C₄H₁₁N"",""formulaAscii"":""C4H11N""},""after"":{""atoms"":5,""carbons"":4,""bonds"":4,""rings"":0,""formula"":""C₄H₁₁N"",""formulaAscii"":""C4H11N""},""layoutAtoms"":5,""pubchemSynonymMatch"":null,""nameReview"":""PARTIAL: equivalencia IUPAC pendiente de revisión; salida butan-1-amina, referencia butan-1-amine"",""stereoKind"":""""}"
"HC-106","metanamida","amidas","https://pubchem.ncbi.nlm.nih.gov/rest/pug/compound/smiles/C(%3DO)N/property/IUPACName,MolecularFormula,CanonicalSMILES,IsomericSMILES/JSON","","formamide","C(=O)N","metanamida","CH3NO","C₁H₃NO","NC=O","PARTIAL","","{""invariants"":{""A_formula"":true,""B_heavyAtoms"":true,""C_carbons"":true,""D_bonds"":true,""E_rings"":true,""F_formalCharges"":true,""G_tetrahedralStereo"":true,""H_graphIsomorphism"":true},""canonicalGraphIDCodeInput"":""eMhDRV@"",""canonicalGraphIDCodeRoundTrip"":""eMhDRV@"",""before"":{""atoms"":3,""carbons"":1,""bonds"":2,""rings"":0,""formula"":""C₁H₃NO"",""formulaAscii"":""CH3NO""},""after"":{""atoms"":3,""carbons"":1,""bonds"":2,""rings"":0,""formula"":""C₁H₃NO"",""formulaAscii"":""CH3NO""},""layoutAtoms"":3,""pubchemSynonymMatch"":null,""nameReview"":""PARTIAL: equivalencia IUPAC pendiente de revisión; salida metanamida, referencia formamide"",""stereoKind"":""""}"
"HC-107","etanamida","amidas","https://pubchem.ncbi.nlm.nih.gov/rest/pug/compound/smiles/CC(%3DO)N/property/IUPACName,MolecularFormula,CanonicalSMILES,IsomericSMILES/JSON","","acetamide","CC(=O)N","etanamida","C2H5NO","C₂H₅NO","CC(N)=O","PARTIAL","","{""invariants"":{""A_formula"":true,""B_heavyAtoms"":true,""C_carbons"":true,""D_bonds"":true,""E_rings"":true,""F_formalCharges"":true,""G_tetrahedralStereo"":true,""H_graphIsomorphism"":true},""canonicalGraphIDCodeInput"":""gCi@DDfZ@@"",""canonicalGraphIDCodeRoundTrip"":""gCi@DDfZ@@"",""before"":{""atoms"":4,""carbons"":2,""bonds"":3,""rings"":0,""formula"":""C₂H₅NO"",""formulaAscii"":""C2H5NO""},""after"":{""atoms"":4,""carbons"":2,""bonds"":3,""rings"":0,""formula"":""C₂H₅NO"",""formulaAscii"":""C2H5NO""},""layoutAtoms"":4,""pubchemSynonymMatch"":null,""nameReview"":""PARTIAL: equivalencia IUPAC pendiente de revisión; salida etanamida, referencia acetamide"",""stereoKind"":""""}"
"HC-108","propanamida","amidas","https://pubchem.ncbi.nlm.nih.gov/rest/pug/compound/smiles/CCC(%3DO)N/property/IUPACName,MolecularFormula,CanonicalSMILES,IsomericSMILES/JSON","","propanamide","CCC(=O)N","propanamida","C3H7NO","C₃H₇NO","CCC(N)=O","PARTIAL","","{""invariants"":{""A_formula"":true,""B_heavyAtoms"":true,""C_carbons"":true,""D_bonds"":true,""E_rings"":true,""F_formalCharges"":true,""G_tetrahedralStereo"":true,""H_graphIsomorphism"":true},""canonicalGraphIDCodeInput"":""gJY@DDfvh@"",""canonicalGraphIDCodeRoundTrip"":""gJY@DDfvh@"",""before"":{""atoms"":5,""carbons"":3,""bonds"":4,""rings"":0,""formula"":""C₃H₇NO"",""formulaAscii"":""C3H7NO""},""after"":{""atoms"":5,""carbons"":3,""bonds"":4,""rings"":0,""formula"":""C₃H₇NO"",""formulaAscii"":""C3H7NO""},""layoutAtoms"":5,""pubchemSynonymMatch"":null,""nameReview"":""PARTIAL: equivalencia IUPAC pendiente de revisión; salida propanamida, referencia propanamide"",""stereoKind"":""""}"
"HC-109","butanamida","amidas","https://pubchem.ncbi.nlm.nih.gov/rest/pug/compound/smiles/CCCC(%3DO)N/property/IUPACName,MolecularFormula,CanonicalSMILES,IsomericSMILES/JSON","","butanamide","CCCC(=O)N","butanamida","C4H9NO","C₄H₉NO","CCCC(N)=O","PARTIAL","","{""invariants"":{""A_formula"":true,""B_heavyAtoms"":true,""C_carbons"":true,""D_bonds"":true,""E_rings"":true,""F_formalCharges"":true,""G_tetrahedralStereo"":true,""H_graphIsomorphism"":true},""canonicalGraphIDCodeInput"":""gGY@DDfuj`@"",""canonicalGraphIDCodeRoundTrip"":""gGY@DDfuj`@"",""before"":{""atoms"":6,""carbons"":4,""bonds"":5,""rings"":0,""formula"":""C₄H₉NO"",""formulaAscii"":""C4H9NO""},""after"":{""atoms"":6,""carbons"":4,""bonds"":5,""rings"":0,""formula"":""C₄H₉NO"",""formulaAscii"":""C4H9NO""},""layoutAtoms"":6,""pubchemSynonymMatch"":null,""nameReview"":""PARTIAL: equivalencia IUPAC pendiente de revisión; salida butanamida, referencia butanamide"",""stereoKind"":""""}"
"HC-110","pentanamida","amidas","https://pubchem.ncbi.nlm.nih.gov/rest/pug/compound/smiles/CCCCC(%3DO)N/property/IUPACName,MolecularFormula,CanonicalSMILES,IsomericSMILES/JSON","","pentanamide","CCCCC(=O)N","pentanamida","C5H11NO","C₅H₁₁NO","CCCCC(N)=O","PARTIAL","","{""invariants"":{""A_formula"":true,""B_heavyAtoms"":true,""C_carbons"":true,""D_bonds"":true,""E_rings"":true,""F_formalCharges"":true,""G_tetrahedralStereo"":true,""H_graphIsomorphism"":true},""canonicalGraphIDCodeInput"":""gNy@DDfuZj@@"",""canonicalGraphIDCodeRoundTrip"":""gNy@DDfuZj@@"",""before"":{""atoms"":7,""carbons"":5,""bonds"":6,""rings"":0,""formula"":""C₅H₁₁NO"",""formulaAscii"":""C5H11NO""},""after"":{""atoms"":7,""carbons"":5,""bonds"":6,""rings"":0,""formula"":""C₅H₁₁NO"",""formulaAscii"":""C5H11NO""},""layoutAtoms"":7,""pubchemSynonymMatch"":null,""nameReview"":""PARTIAL: equivalencia IUPAC pendiente de revisión; salida pentanamida, referencia pentanamide"",""stereoKind"":""""}"
"HC-111","2-metilpropanamida","amidas","https://pubchem.ncbi.nlm.nih.gov/rest/pug/compound/smiles/CC(C)C(%3DO)N/property/IUPACName,MolecularFormula,CanonicalSMILES,IsomericSMILES/JSON","","2-methylpropanamide","CC(C)C(=O)N","2-metilpropanamida","C4H9NO","C₄H₉NO","CC(C)C(N)=O","PARTIAL","","{""invariants"":{""A_formula"":true,""B_heavyAtoms"":true,""C_carbons"":true,""D_bonds"":true,""E_rings"":true,""F_formalCharges"":true,""G_tetrahedralStereo"":true,""H_graphIsomorphism"":true},""canonicalGraphIDCodeInput"":""gGY@DDfyj`@"",""canonicalGraphIDCodeRoundTrip"":""gGY@DDfyj`@"",""before"":{""atoms"":6,""carbons"":4,""bonds"":5,""rings"":0,""formula"":""C₄H₉NO"",""formulaAscii"":""C4H9NO""},""after"":{""atoms"":6,""carbons"":4,""bonds"":5,""rings"":0,""formula"":""C₄H₉NO"",""formulaAscii"":""C4H9NO""},""layoutAtoms"":6,""pubchemSynonymMatch"":null,""nameReview"":""PARTIAL: equivalencia IUPAC pendiente de revisión; salida 2-metilpropanamida, referencia 2-methylpropanamide"",""stereoKind"":""""}"
"HC-112","clorometano","otros compatibles","https://pubchem.ncbi.nlm.nih.gov/rest/pug/compound/smiles/CCl/property/IUPACName,MolecularFormula,CanonicalSMILES,IsomericSMILES/JSON","","chloromethane","CCl","clorometano","CH3Cl","C₁H₃Cl","CCl","PASS","","{""invariants"":{""A_formula"":true,""B_heavyAtoms"":true,""C_carbons"":true,""D_bonds"":true,""E_rings"":true,""F_formalCharges"":true,""G_tetrahedralStereo"":true,""H_graphIsomorphism"":true},""canonicalGraphIDCodeInput"":""eFBBHc@@"",""canonicalGraphIDCodeRoundTrip"":""eFBBHc@@"",""before"":{""atoms"":2,""carbons"":1,""bonds"":1,""rings"":0,""formula"":""C₁H₃Cl"",""formulaAscii"":""CH3Cl""},""after"":{""atoms"":2,""carbons"":1,""bonds"":1,""rings"":0,""formula"":""C₁H₃Cl"",""formulaAscii"":""CH3Cl""},""layoutAtoms"":2,""pubchemSynonymMatch"":""Clorometano"",""nameReview"":""Nombre publicado por PubChem como sinónimo alternativo: Clorometano; su carácter IUPAC o común requiere interpretación nomenclatural."",""stereoKind"":""""}"
"HC-113","1-cloropropano","otros compatibles","https://pubchem.ncbi.nlm.nih.gov/rest/pug/compound/smiles/CCCCl/property/IUPACName,MolecularFormula,CanonicalSMILES,IsomericSMILES/JSON","","1-chloropropane","CCCCl","1-cloropropano","C3H7Cl","C₃H₇Cl","CCCCl","PARTIAL","","{""invariants"":{""A_formula"":true,""B_heavyAtoms"":true,""C_carbons"":true,""D_bonds"":true,""E_rings"":true,""F_formalCharges"":true,""G_tetrahedralStereo"":true,""H_graphIsomorphism"":true},""canonicalGraphIDCodeInput"":""gC`HADIKT@@"",""canonicalGraphIDCodeRoundTrip"":""gC`HADIKT@@"",""before"":{""atoms"":4,""carbons"":3,""bonds"":3,""rings"":0,""formula"":""C₃H₇Cl"",""formulaAscii"":""C3H7Cl""},""after"":{""atoms"":4,""carbons"":3,""bonds"":3,""rings"":0,""formula"":""C₃H₇Cl"",""formulaAscii"":""C3H7Cl""},""layoutAtoms"":4,""pubchemSynonymMatch"":null,""nameReview"":""PARTIAL: equivalencia IUPAC pendiente de revisión; salida 1-cloropropano, referencia 1-chloropropane"",""stereoKind"":""""}"
"HC-114","2-cloropropano","otros compatibles","https://pubchem.ncbi.nlm.nih.gov/rest/pug/compound/smiles/CC(Cl)C/property/IUPACName,MolecularFormula,CanonicalSMILES,IsomericSMILES/JSON","","2-chloropropane","CC(C)Cl","2-cloropropano","C3H7Cl","C₃H₇Cl","CC(C)Cl","PARTIAL","","{""invariants"":{""A_formula"":true,""B_heavyAtoms"":true,""C_carbons"":true,""D_bonds"":true,""E_rings"":true,""F_formalCharges"":true,""G_tetrahedralStereo"":true,""H_graphIsomorphism"":true},""canonicalGraphIDCodeInput"":""gC`HADIMT@@"",""canonicalGraphIDCodeRoundTrip"":""gC`HADIMT@@"",""before"":{""atoms"":4,""carbons"":3,""bonds"":3,""rings"":0,""formula"":""C₃H₇Cl"",""formulaAscii"":""C3H7Cl""},""after"":{""atoms"":4,""carbons"":3,""bonds"":3,""rings"":0,""formula"":""C₃H₇Cl"",""formulaAscii"":""C3H7Cl""},""layoutAtoms"":4,""pubchemSynonymMatch"":null,""nameReview"":""PARTIAL: equivalencia IUPAC pendiente de revisión; salida 2-cloropropano, referencia 2-chloropropane"",""stereoKind"":""""}"
"HC-115","1-bromo-2-metilpropano","otros compatibles","https://pubchem.ncbi.nlm.nih.gov/rest/pug/compound/smiles/CC(C)CBr/property/IUPACName,MolecularFormula,CanonicalSMILES,IsomericSMILES/JSON","","1-bromo-2-methylpropane","CC(C)CBr","1-bromo-2-metilpropano","C4H9Br","C₄H₉Br","CC(C)CBr","PARTIAL","","{""invariants"":{""A_formula"":true,""B_heavyAtoms"":true,""C_carbons"":true,""D_bonds"":true,""E_rings"":true,""F_formalCharges"":true,""G_tetrahedralStereo"":true,""H_graphIsomorphism"":true},""canonicalGraphIDCodeInput"":""gJPHAbIKUP@"",""canonicalGraphIDCodeRoundTrip"":""gJPHAbIKUP@"",""before"":{""atoms"":5,""carbons"":4,""bonds"":4,""rings"":0,""formula"":""C₄H₉Br"",""formulaAscii"":""C4H9Br""},""after"":{""atoms"":5,""carbons"":4,""bonds"":4,""rings"":0,""formula"":""C₄H₉Br"",""formulaAscii"":""C4H9Br""},""layoutAtoms"":5,""pubchemSynonymMatch"":null,""nameReview"":""PARTIAL: equivalencia IUPAC pendiente de revisión; salida 1-bromo-2-metilpropano, referencia 1-bromo-2-methylpropane"",""stereoKind"":""""}"
"HC-116","1,2-dicloroetano","otros compatibles","https://pubchem.ncbi.nlm.nih.gov/rest/pug/compound/smiles/ClCCCl/property/IUPACName,MolecularFormula,CanonicalSMILES,IsomericSMILES/JSON","","1,2-dichloroethane","C(CCl)Cl","1,2-dicloroetano","C2H4Cl2","C₂H₄Cl₂","ClCCCl","PASS","","{""invariants"":{""A_formula"":true,""B_heavyAtoms"":true,""C_carbons"":true,""D_bonds"":true,""E_rings"":true,""F_formalCharges"":true,""G_tetrahedralStereo"":true,""H_graphIsomorphism"":true},""canonicalGraphIDCodeInput"":""gC`DADZHRVh@"",""canonicalGraphIDCodeRoundTrip"":""gC`DADZHRVh@"",""before"":{""atoms"":4,""carbons"":2,""bonds"":3,""rings"":0,""formula"":""C₂H₄Cl₂"",""formulaAscii"":""C2H4Cl2""},""after"":{""atoms"":4,""carbons"":2,""bonds"":3,""rings"":0,""formula"":""C₂H₄Cl₂"",""formulaAscii"":""C2H4Cl2""},""layoutAtoms"":4,""pubchemSynonymMatch"":""1,2-Dicloroetano"",""nameReview"":""Nombre publicado por PubChem como sinónimo alternativo: 1,2-Dicloroetano; su carácter IUPAC o común requiere interpretación nomenclatural."",""stereoKind"":""""}"
"HC-117","(E)-but-2-eno","estereoquímica E/Z","https://pubchem.ncbi.nlm.nih.gov/compound/62695","","(E)-but-2-ene","C/C=C/C","(2E)-but-2-eno","C4H8","C₄H₈","C/C=C/C","FAIL-NAME","E/Z","{""invariants"":{""A_formula"":true,""B_heavyAtoms"":true,""C_carbons"":true,""D_bonds"":true,""E_rings"":true,""F_formalCharges"":true,""G_tetrahedralStereo"":true,""H_graphIsomorphism"":true},""canonicalGraphIDCodeInput"":""gC`@DiZDD@"",""canonicalGraphIDCodeRoundTrip"":""gC`@DiZDD@"",""before"":{""atoms"":4,""carbons"":4,""bonds"":3,""rings"":0,""formula"":""C₄H₈"",""formulaAscii"":""C4H8""},""after"":{""atoms"":4,""carbons"":4,""bonds"":3,""rings"":0,""formula"":""C₄H₈"",""formulaAscii"":""C4H8""},""layoutAtoms"":4,""pubchemSynonymMatch"":null,""nameReview"":""FAIL-NAME: referencia E pero Hydrocarbon Lab no conserva ese descriptor E/Z (omitido)"",""stereoKind"":""E/Z""}"
"HC-118","(Z)-but-2-eno","estereoquímica E/Z","https://pubchem.ncbi.nlm.nih.gov/compound/5287573","","(Z)-but-2-ene","C/C=C\C","(2Z)-but-2-eno","C4H8","C₄H₈","C/C=C\C","FAIL-NAME","E/Z","{""invariants"":{""A_formula"":true,""B_heavyAtoms"":true,""C_carbons"":true,""D_bonds"":true,""E_rings"":true,""F_formalCharges"":true,""G_tetrahedralStereo"":true,""H_graphIsomorphism"":true},""canonicalGraphIDCodeInput"":""gC`@DiZDB@"",""canonicalGraphIDCodeRoundTrip"":""gC`@DiZDB@"",""before"":{""atoms"":4,""carbons"":4,""bonds"":3,""rings"":0,""formula"":""C₄H₈"",""formulaAscii"":""C4H8""},""after"":{""atoms"":4,""carbons"":4,""bonds"":3,""rings"":0,""formula"":""C₄H₈"",""formulaAscii"":""C4H8""},""layoutAtoms"":4,""pubchemSynonymMatch"":null,""nameReview"":""FAIL-NAME: referencia Z pero Hydrocarbon Lab no conserva ese descriptor E/Z (omitido)"",""stereoKind"":""E/Z""}"
"HC-119","(E)-hex-3-eno","estereoquímica E/Z","https://pubchem.ncbi.nlm.nih.gov/compound/638066","","(E)-hex-3-ene","CC/C=C/CC","(3E)-hex-3-eno","C6H12","C₆H₁₂","CC/C=C/CC","FAIL-NAME","E/Z","{""invariants"":{""A_formula"":true,""B_heavyAtoms"":true,""C_carbons"":true,""D_bonds"":true,""E_rings"":true,""F_formalCharges"":true,""G_tetrahedralStereo"":true,""H_graphIsomorphism"":true},""canonicalGraphIDCodeInput"":""gGP@DiUjaA@"",""canonicalGraphIDCodeRoundTrip"":""gGP@DiUjaA@"",""before"":{""atoms"":6,""carbons"":6,""bonds"":5,""rings"":0,""formula"":""C₆H₁₂"",""formulaAscii"":""C6H12""},""after"":{""atoms"":6,""carbons"":6,""bonds"":5,""rings"":0,""formula"":""C₆H₁₂"",""formulaAscii"":""C6H12""},""layoutAtoms"":6,""pubchemSynonymMatch"":null,""nameReview"":""FAIL-NAME: referencia E pero Hydrocarbon Lab no conserva ese descriptor E/Z (omitido)"",""stereoKind"":""E/Z""}"
"HC-120","(Z)-hex-3-eno","estereoquímica E/Z","https://pubchem.ncbi.nlm.nih.gov/compound/643783","","(Z)-hex-3-ene","CC/C=C\CC","(3Z)-hex-3-eno","C6H12","C₆H₁₂","CC/C=C\CC","FAIL-NAME","E/Z","{""invariants"":{""A_formula"":true,""B_heavyAtoms"":true,""C_carbons"":true,""D_bonds"":true,""E_rings"":true,""F_formalCharges"":true,""G_tetrahedralStereo"":true,""H_graphIsomorphism"":true},""canonicalGraphIDCodeInput"":""gGP@DiUja@`"",""canonicalGraphIDCodeRoundTrip"":""gGP@DiUja@`"",""before"":{""atoms"":6,""carbons"":6,""bonds"":5,""rings"":0,""formula"":""C₆H₁₂"",""formulaAscii"":""C6H12""},""after"":{""atoms"":6,""carbons"":6,""bonds"":5,""rings"":0,""formula"":""C₆H₁₂"",""formulaAscii"":""C6H12""},""layoutAtoms"":6,""pubchemSynonymMatch"":null,""nameReview"":""FAIL-NAME: referencia Z pero Hydrocarbon Lab no conserva ese descriptor E/Z (omitido)"",""stereoKind"":""E/Z""}"
"HC-121","decalina (bicyclo[4.4.0]decane)","anillos fusionados","https://pubchem.ncbi.nlm.nih.gov/compound/7044","","1,2,3,4,4a,5,6,7,8,8a-decahydronaphthalene","C1CCC2CCCCC2C1","biciclo[4.4.0]decano","C10H18","C₁₀H₁₈","C(CC1)CC2C1CCCC2","PARTIAL","","{""invariants"":{""A_formula"":true,""B_heavyAtoms"":true,""C_carbons"":true,""D_bonds"":true,""E_rings"":true,""F_formalCharges"":true,""G_tetrahedralStereo"":true,""H_graphIsomorphism"":true},""canonicalGraphIDCodeInput"":""det@@DjYUX^fjjj`@"",""canonicalGraphIDCodeRoundTrip"":""det@@DjYUX^fjjj`@"",""before"":{""atoms"":10,""carbons"":10,""bonds"":11,""rings"":2,""formula"":""C₁₀H₁₈"",""formulaAscii"":""C10H18""},""after"":{""atoms"":10,""carbons"":10,""bonds"":11,""rings"":2,""formula"":""C₁₀H₁₈"",""formulaAscii"":""C10H18""},""layoutAtoms"":10,""pubchemSynonymMatch"":null,""nameReview"":""PARTIAL: equivalencia IUPAC pendiente de revisión; salida biciclo[4.4.0]decano, referencia 1,2,3,4,4a,5,6,7,8,8a-decahydronaphthalene"",""stereoKind"":""""}"
"HC-122","perhidroindano","anillos fusionados","https://pubchem.ncbi.nlm.nih.gov/compound/10325","","2,3,3a,4,5,6,7,7a-octahydro-1H-indene","C1CCC2CCCC2C1","biciclo[4.3.0]nonano","C9H16","C₉H₁₆","C(C1)CC2C1CCCC2","PARTIAL","","{""invariants"":{""A_formula"":true,""B_heavyAtoms"":true,""C_carbons"":true,""D_bonds"":true,""E_rings"":true,""F_formalCharges"":true,""G_tetrahedralStereo"":true,""H_graphIsomorphism"":true},""canonicalGraphIDCodeInput"":""diT@@DjYVnXZjjh@@"",""canonicalGraphIDCodeRoundTrip"":""diT@@DjYVnXZjjh@@"",""before"":{""atoms"":9,""carbons"":9,""bonds"":10,""rings"":2,""formula"":""C₉H₁₆"",""formulaAscii"":""C9H16""},""after"":{""atoms"":9,""carbons"":9,""bonds"":10,""rings"":2,""formula"":""C₉H₁₆"",""formulaAscii"":""C9H16""},""layoutAtoms"":9,""pubchemSynonymMatch"":null,""nameReview"":""PARTIAL: equivalencia IUPAC pendiente de revisión; salida biciclo[4.3.0]nonano, referencia 2,3,3a,4,5,6,7,7a-octahydro-1H-indene"",""stereoKind"":""""}"
